student_id,course_id,gender,enrollment_reason,enrollment_status,final_grade,time_spent,subject,semester,section,int,uv,percomp,percentage_earned,sum_discussion_posts,sum_n_words
60186,AnPhA-S116-01,M,Course Unavailable at Local School,Approved/Enrolled,86.272,2087.0501,AnPhA,S116,01,4.2,4.333333333333333,4.5,0.9602941176470589,9,939
66693,AnPhA-S116-01,M,Course Unavailable at Local School,Approved/Enrolled,93.7536,2309.0334,AnPhA,S116,01,5,5,5,0.9764705882352941,6,311
66811,AnPhA-S116-01,F,Course Unavailable at Local School,Approved/Enrolled,91.2016,5298.8507,AnPhA,S116,01,4,4,NA,0.9452352941176471,9,474
70532,AnPhA-S116-01,F,Learning Preference of the Student,Approved/Enrolled,93.64,2938.4666,AnPhA,S116,01,4.6,4.666666666666667,4,0.9485294117647058,11,578
77010,AnPhA-S116-01,F,Learning Preference of the Student,Approved/Enrolled,73.1706672,1533.0996,AnPhA,S116,01,NA,3.6666666666666665,3.5,0.7375,9,496
85249,AnPhA-S116-01,F,Course Unavailable at Local School,Approved/Enrolled,86.8912,1209.8496,AnPhA,S116,01,4,4,4.5,0.9566176470588236,9,284
85411,AnPhA-S116-01,F,Scheduling Conflict,Approved/Enrolled,90.9157328,473.0333,AnPhA,S116,01,4.4,4,3.5,0.9470588235294117,12,452
85583,AnPhA-S116-01,F,Scheduling Conflict,Approved/Enrolled,91.6549328,5532.4164,AnPhA,S116,01,5,5,3.5,0.9441176470588235,8,382
85866,AnPhA-S116-01,F,Learning Preference of the Student,Approved/Enrolled,75.1296,3050.0831,AnPhA,S116,01,5,4.666666666666667,4,0.8108823529411764,7,138
85970,AnPhA-S116-01,F,Course Unavailable at Local School,Approved/Enrolled,81.6224,610.8334,AnPhA,S116,01,4.2,4,3.5,0.9470588235294117,9,239
86072,AnPhA-S116-01,M,Course Unavailable at Local School,Approved/Enrolled,91.2928,608.1834,AnPhA,S116,01,4.8,4.666666666666667,3.5,0.9904411764705883,9,368
86119,AnPhA-S116-01,F,Course Unavailable at Local School,Approved/Enrolled,71.7376,2127.0664,AnPhA,S116,01,4,4.666666666666667,4.5,0.7360882352941177,9,301
86267,AnPhA-S116-01,F,Course Unavailable at Local School,Approved/Enrolled,35.0608,406.0001,AnPhA,S116,01,5,5,4.5,0.45994117647058824,NA,NA
86275,AnPhA-S116-01,F,Course Unavailable at Local School,Approved/Enrolled,95.0208,7067.1498,AnPhA,S116,01,4.4,4,3,0.9397058823529412,12,454
86277,AnPhA-S116-01,F,Course Unavailable at Local School,Approved/Enrolled,89.8133328,3856.8672,AnPhA,S116,01,4.2,4,4,0.9674999999999999,9,363
86286,AnPhA-S116-01,F,Course Unavailable at Local School,Approved/Enrolled,96.8144,4140.4495,AnPhA,S116,01,4.2,3.6666666666666665,2.5,0.9882352941176471,10,372
86294,AnPhA-S116-01,F,Course Unavailable at Local School,Approved/Enrolled,83.4938672,4239.5495,AnPhA,S116,01,4,4.333333333333333,3.5,0.9037058823529411,10,279
86432,AnPhA-S116-01,M,Scheduling Conflict,Approved/Enrolled,68.6629328,3715.9002,AnPhA,S116,01,3.8,4,3,0.8513235294117647,14,211
86446,AnPhA-S116-01,F,Scheduling Conflict,Approved/Enrolled,85.6208,2527.6997,AnPhA,S116,01,4,3.6666666666666665,3,0.9338235294117647,9,334
86451,AnPhA-S116-01,F,Scheduling Conflict,Approved/Enrolled,93.7024,4176.8337,AnPhA,S116,01,4.4,4.333333333333333,4,0.975,12,534
86479,AnPhA-S116-01,F,Course Unavailable at Local School,Approved/Enrolled,92.6074672,2712.234,AnPhA,S116,01,5,5,NA,0.9257647058823529,9,255
86484,AnPhA-S116-01,M,Course Unavailable at Local School,Approved/Enrolled,80.0656,1872.0336,AnPhA,S116,01,4.2,4.666666666666667,4.5,0.8956176470588235,11,472
86488,AnPhA-S116-01,F,Course Unavailable at Local School,Approved/Enrolled,87.4408,3599.7168,AnPhA,S116,01,4.2,3.6666666666666665,4,0.9389705882352941,12,460
86492,AnPhA-S116-01,F,Course Unavailable at Local School,Approved/Enrolled,25.5928,893.1332,AnPhA,S116,01,4,4,3.5,0.6717941176470588,2,41
86504,AnPhA-S116-01,F,Scheduling Conflict,Approved/Enrolled,75.5392,1551.3498,AnPhA,S116,01,1.8,2.3333333333333335,2.5,0.7750882352941177,13,378
86588,AnPhA-S116-01,F,Scheduling Conflict,Approved/Enrolled,19.84,67.5167,AnPhA,S116,01,5,4.666666666666667,5,0.4764705882352941,6,243
86608,AnPhA-S116-01,F,Course Unavailable at Local School,Approved/Enrolled,79.8506672,3109.0664,AnPhA,S116,01,4,4,3.5,0.8026470588235294,10,284
87043,AnPhA-S116-01,F,Other,Approved/Enrolled,91.312,1587.1833,AnPhA,S116,01,5,4.666666666666667,4.5,0.9338235294117647,10,849
87166,AnPhA-S116-01,M,Course Unavailable at Local School,Approved/Enrolled,77.3104,1471.8833,AnPhA,S116,01,4.6,4.333333333333333,4.5,0.862735294117647,7,281
88050,AnPhA-S116-01,F,Course Unavailable at Local School,Approved/Enrolled,71.6757328,2130.6666,AnPhA,S116,01,4.2,4.333333333333333,4,0.7477941176470588,3,64
88068,AnPhA-S116-01,F,Learning Preference of the Student,Approved/Enrolled,70.6074672,535.8334,AnPhA,S116,01,4.6,4.666666666666667,4.5,0.7397058823529412,11,618
88099,AnPhA-S116-01,F,Learning Preference of the Student,Approved/Enrolled,81.9629328,2615.4998,AnPhA,S116,01,3.8,4,3,0.9110294117647059,11,219
88153,AnPhA-S116-01,F,Scheduling Conflict,Approved/Enrolled,88.7024,6954.6997,AnPhA,S116,01,3.2,3.3333333333333335,2.5,0.9775882352941176,6,277
88641,AnPhA-S116-01,F,Scheduling Conflict,Approved/Enrolled,87.1808,1998.4998,AnPhA,S116,01,3.6,4,3.5,0.8838235294117647,15,599
89142,AnPhA-S116-01,F,Other,Approved/Enrolled,95.104,3067.4676,AnPhA,S116,01,5,4.333333333333333,3.5,0.9852941176470589,13,552
89194,AnPhA-S116-01,F,Learning Preference of the Student,Approved/Enrolled,83.2053328,317.2168,AnPhA,S116,01,3.6,3.3333333333333335,3.5,0.888264705882353,7,108
89918,AnPhA-S116-01,F,Learning Preference of the Student,Approved/Enrolled,75.6416,6009.3666,AnPhA,S116,01,4.6,4.333333333333333,3.5,0.8375294117647059,7,211
90305,AnPhA-S116-01,F,Scheduling Conflict,Approved/Enrolled,73.4533328,2363.6832,AnPhA,S116,01,5,4.666666666666667,5,0.7782058823529413,10,570
56152,AnPhA-S116-02,F,Scheduling Conflict,Approved/Enrolled,94.1248,4438.8165,AnPhA,S116,02,4.8,4.333333333333333,4,0.9788235294117648,9,202
57188,AnPhA-S116-02,M,Learning Preference of the Student,Approved/Enrolled,80.7344,5305.4334,AnPhA,S116,02,4,5,3.5,0.8687647058823529,6,309
65627,AnPhA-S116-02,F,Learning Preference of the Student,Approved/Enrolled,81.4872,2164.9001,AnPhA,S116,02,4,4,3.5,0.8629705882352942,9,355
70192,AnPhA-S116-02,F,Scheduling Conflict,Approved/Enrolled,95.96,1537.1834,AnPhA,S116,02,4.8,4.333333333333333,4,0.9823529411764705,9,437
76930,AnPhA-S116-02,F,Learning Preference of the Student,Approved/Enrolled,81.272,2804.9832,AnPhA,S116,02,4.6,4,3.5,0.8819411764705882,9,388
79220,AnPhA-S116-02,F,Course Unavailable at Local School,Approved/Enrolled,91.8208,3781.6498,AnPhA,S116,02,4,4,3,0.9470588235294117,7,301
86314,AnPhA-S116-02,F,Course Unavailable at Local School,Approved/Enrolled,81.5237328,3030.1667,AnPhA,S116,02,4.2,5,4.5,0.8845588235294117,10,245
86707,AnPhA-S116-02,F,Course Unavailable at Local School,Approved/Enrolled,85.9093344,2143.133,AnPhA,S116,02,4.4,4.666666666666667,3.5,0.8962058823529411,11,511
90395,AnPhA-S116-02,F,Course Unavailable at Local School,Approved/Enrolled,81.1226672,2300.6664,AnPhA,S116,02,5,5,4.5,0.9169411764705883,6,179
90396,AnPhA-S116-02,F,Course Unavailable at Local School,Approved/Enrolled,79.3941328,3544.8161,AnPhA,S116,02,4.2,3.3333333333333335,3,0.8816176470588235,9,296
90398,AnPhA-S116-02,F,Course Unavailable at Local School,Approved/Enrolled,94.9274672,4264.25,AnPhA,S116,02,NA,4.333333333333333,4,0.9794117647058823,11,917
90399,AnPhA-S116-02,M,Course Unavailable at Local School,Approved/Enrolled,88.8896,768.4833,AnPhA,S116,02,4.8,4.666666666666667,4.5,0.9469117647058823,10,428
90956,AnPhA-S116-02,F,Other,Approved/Enrolled,91.912,1550.4668,AnPhA,S116,02,5,5,4.5,0.9485294117647058,9,313
90971,AnPhA-S116-02,F,Other,Approved/Enrolled,79.84,3785.2838,AnPhA,S116,02,3,3,3,0.8448529411764706,9,598
91065,AnPhA-S116-02,M,Other,Approved/Enrolled,60.9642672,1334.7001,AnPhA,S116,02,4.2,2.6666666666666665,3.5,0.6347058823529412,1,53
91175,AnPhA-S116-02,F,Learning Preference of the Student,Approved/Enrolled,82.1541328,1315.25,AnPhA,S116,02,4.6,4,4.5,0.9117647058823529,9,418
91319,AnPhA-S116-02,F,Other,Approved/Enrolled,84.0224,686.2998,AnPhA,S116,02,4,4.333333333333333,3.5,0.9102941176470588,7,259
91320,AnPhA-S116-02,M,Course Unavailable at Local School,Approved/Enrolled,29.6533328,584.9166,AnPhA,S116,02,3.2,3.6666666666666665,3,0.5294117647058824,10,187
91574,AnPhA-S116-02,M,Scheduling Conflict,Approved/Enrolled,81.8309328,2999.75,AnPhA,S116,02,4,3.6666666666666665,3,0.8070588235294117,9,328
91619,AnPhA-S116-02,M,Course Unavailable at Local School,Approved/Enrolled,35.832,1272.2331,AnPhA,S116,02,4,4,4,0.4232352941176471,3,104
91634,AnPhA-S116-02,F,Course Unavailable at Local School,Approved/Enrolled,84.9893328,1857.8168,AnPhA,S116,02,4,3.6666666666666665,3.5,0.9034117647058825,9,519
91672,AnPhA-S116-02,F,Course Unavailable at Local School,Approved/Enrolled,92.8824,2763.0331,AnPhA,S116,02,3.6,4,2,0.9375294117647058,9,397
91709,AnPhA-S116-02,F,Course Unavailable at Local School,Approved/Enrolled,87.2928,4315.8839,AnPhA,S116,02,4.2,3.6666666666666665,3.5,0.924264705882353,6,331
91771,AnPhA-S116-02,M,Course Unavailable at Local School,Approved/Enrolled,28.48,540.5001,AnPhA,S116,02,5,4,4.5,0.4823529411764706,3,197
91932,AnPhA-S116-02,M,Other,Approved/Enrolled,82.6117328,1182.9667,AnPhA,S116,02,5,5,4.5,0.8807647058823529,6,76
92185,AnPhA-S116-02,F,Scheduling Conflict,Approved/Enrolled,91.8528,6162.1998,AnPhA,S116,02,4.8,4.666666666666667,4,0.975,10,304
52326,AnPhA-S216-01,F,Other,Approved/Enrolled,83.5882656,1321.8164,AnPhA,S216,01,3.6,4,3,0.9088235294117647,NA,NA
58168,AnPhA-S216-01,F,Other,Approved/Enrolled,96.5216,433.3669,AnPhA,S216,01,4.2,4.666666666666667,3.5,0.9911764705882353,NA,NA
67013,AnPhA-S216-01,M,Course Unavailable at Local School,Approved/Enrolled,46.072,2297.2332,AnPhA,S216,01,4.2,4,2.5,0.4732352941176471,NA,NA
69743,AnPhA-S216-01,F,Course Unavailable at Local School,Approved/Enrolled,85.4714656,7084.7003,AnPhA,S216,01,4.2,4.666666666666667,4,0.9279411764705883,NA,NA
71725,AnPhA-S216-01,F,Course Unavailable at Local School,Approved/Enrolled,77.2789328,3514.5498,AnPhA,S216,01,4.8,4.333333333333333,4,0.7746470588235294,NA,NA
76673,AnPhA-S216-01,F,Course Unavailable at Local School,Approved/Enrolled,92.2,4945.2164,AnPhA,S216,01,4,4,3.5,0.9779411764705882,NA,NA
76674,AnPhA-S216-01,F,Course Unavailable at Local School,Approved/Enrolled,95.8608,2368.4997,AnPhA,S216,01,4.8,5,4,0.969,NA,NA
76998,AnPhA-S216-01,F,Course Unavailable at Local School,Approved/Enrolled,40.2389328,1270.0997,AnPhA,S216,01,3.4,3.3333333333333335,4,0.49823529411764705,NA,NA
78164,AnPhA-S216-01,F,Learning Preference of the Student,Approved/Enrolled,76.104,2591.6168,AnPhA,S216,01,4.6,4,4,0.8188235294117646,NA,NA
85248,AnPhA-S216-01,F,Course Unavailable at Local School,Approved/Enrolled,94.8261328,2269.8829,AnPhA,S216,01,4.2,4,3.5,0.9573529411764706,NA,NA
86268,AnPhA-S216-01,F,Course Unavailable at Local School,Approved/Enrolled,93.5386672,1272.3172,AnPhA,S216,01,5,5,4,0.9794117647058823,NA,NA
86942,AnPhA-S216-01,F,Scheduling Conflict,Approved/Enrolled,83.624,3101.5166,AnPhA,S216,01,5,4.666666666666667,5,0.8544117647058823,NA,NA
88612,AnPhA-S216-01,F,Other,Approved/Enrolled,71.6544,2258.9165,AnPhA,S216,01,3.8,4,4,0.9537058823529412,NA,NA
91313,AnPhA-S216-01,M,Scheduling Conflict,Approved/Enrolled,84.9536,3134.9666,AnPhA,S216,01,4.2,3.3333333333333335,3.5,0.9602941176470589,NA,NA
91326,AnPhA-S216-01,F,Other,Approved/Enrolled,47.0544,657.1668,AnPhA,S216,01,4.6,4.333333333333333,3,0.5400588235294118,NA,NA
94246,AnPhA-S216-01,M,Course Unavailable at Local School,Approved/Enrolled,35.692,1351.9003,AnPhA,S216,01,4,4,4,0.7779705882352941,NA,NA
94691,AnPhA-S216-01,M,Course Unavailable at Local School,Approved/Enrolled,10.6608,258.35,AnPhA,S216,01,4,4,3,0.3919411764705882,NA,NA
94805,AnPhA-S216-01,F,Scheduling Conflict,Approved/Enrolled,87.3024,4438.7165,AnPhA,S216,01,5,4.333333333333333,3.5,0.964,NA,NA
94846,AnPhA-S216-01,F,Course Unavailable at Local School,Approved/Enrolled,70.4149328,764.1668,AnPhA,S216,01,5,5,3.5,0.7672941176470588,NA,NA
94872,AnPhA-S216-01,F,Other,Approved/Enrolled,69.6682672,3547.0667,AnPhA,S216,01,5,5,5,0.6531470588235294,NA,NA
95014,AnPhA-S216-01,F,Course Unavailable at Local School,Approved/Enrolled,95.6208,2999.9832,AnPhA,S216,01,5,5,5,0.9860588235294118,NA,NA
95114,AnPhA-S216-01,F,Course Unavailable at Local School,Dropped,NA,546.85,AnPhA,S216,01,5,4.666666666666667,3,0.23926470588235293,NA,NA
95283,AnPhA-S216-01,F,Other,Approved/Enrolled,91.3376,2689.4502,AnPhA,S216,01,5,3.6666666666666665,4,0.975,NA,NA
95545,AnPhA-S216-01,F,Other,Approved/Enrolled,72.3008,4284.4003,AnPhA,S216,01,4.6,4.333333333333333,3,0.95,NA,NA
95594,AnPhA-S216-01,M,Scheduling Conflict,Approved/Enrolled,40.4533328,1419.8,AnPhA,S216,01,4.6,4.666666666666667,3.5,0.4426470588235294,NA,NA
95601,AnPhA-S216-01,F,Other,Approved/Enrolled,84.4474672,2915.5167,AnPhA,S216,01,4.6,5,4.5,0.9592058823529411,NA,NA
95618,AnPhA-S216-01,F,Course Unavailable at Local School,Approved/Enrolled,66.7525328,3789.3996,AnPhA,S216,01,4.4,5,3.5,0.7911764705882353,NA,NA
95620,AnPhA-S216-01,F,Course Unavailable at Local School,Approved/Enrolled,72.888,4013.3999,AnPhA,S216,01,4.8,4.333333333333333,4,0.8055882352941176,NA,NA
95634,AnPhA-S216-01,F,Course Unavailable at Local School,Approved/Enrolled,76.5749312,4466.367,AnPhA,S216,01,NA,3.3333333333333335,3.5,0.8838529411764705,NA,NA
95915,AnPhA-S216-01,F,Learning Preference of the Student,Approved/Enrolled,74.1874672,2670.7669,AnPhA,S216,01,3.8,3,3,0.8029411764705883,NA,NA
95957,AnPhA-S216-01,M,Course Unavailable at Local School,Approved/Enrolled,67.9248,3542.5501,AnPhA,S216,01,5,5,5,0.7375294117647059,NA,NA
96228,AnPhA-S216-01,M,Scheduling Conflict,Approved/Enrolled,91.064,1747.1669,AnPhA,S216,01,4.2,4,2.5,0.9279411764705883,NA,NA
96677,AnPhA-S216-01,F,Course Unavailable at Local School,Approved/Enrolled,5.2,11.0333,AnPhA,S216,01,4.2,4.333333333333333,4,0.19117647058823528,NA,NA
96680,AnPhA-S216-01,F,Course Unavailable at Local School,Approved/Enrolled,52.5504,1776.5166,AnPhA,S216,01,3.8,3.6666666666666665,2.5,0.6882352941176471,NA,NA
96690,AnPhA-S216-01,F,Course Unavailable at Local School,Approved/Enrolled,64.8128,1969.5003,AnPhA,S216,01,5,5,5,0.7102352941176471,NA,NA
96720,AnPhA-S216-01,F,Learning Preference of the Student,Approved/Enrolled,7.88,68.1167,AnPhA,S216,01,3.6,4.333333333333333,3,0.36617647058823527,NA,NA
96853,AnPhA-S216-01,F,Course Unavailable at Local School,Approved/Enrolled,85.4277328,2521.2334,AnPhA,S216,01,4.8,5,5,0.9022941176470587,NA,NA
96854,AnPhA-S216-01,F,Course Unavailable at Local School,Approved/Enrolled,85.1189328,2563.3833,AnPhA,S216,01,5,4.333333333333333,5,0.9250588235294117,NA,NA
96959,AnPhA-S216-01,M,Course Unavailable at Local School,Approved/Enrolled,67.6608,1727.2666,AnPhA,S216,01,4.6,4.333333333333333,4,0.7875294117647058,NA,NA
96994,AnPhA-S216-01,F,Course Unavailable at Local School,Approved/Enrolled,86.8074672,2676.7501,AnPhA,S216,01,5,5,4.5,0.9529411764705882,NA,NA
74552,AnPhA-S216-02,F,Other,Approved/Enrolled,96.16,6123.8832,AnPhA,S216,02,4,4.333333333333333,3.5,0.9911764705882353,NA,NA
88979,AnPhA-S216-02,F,Scheduling Conflict,Dropped,NA,364.5001,AnPhA,S216,02,5,5,5,0.46176470588235297,NA,NA
91164,AnPhA-S216-02,F,Course Unavailable at Local School,Approved/Enrolled,90.0016,4359.0996,AnPhA,S216,02,5,5,4.5,0.8868235294117647,NA,NA
94219,AnPhA-S216-02,F,Learning Preference of the Student,Dropped,NA,151.75,AnPhA,S216,02,4.6,4.333333333333333,3.5,0.14529411764705882,NA,NA
94542,AnPhA-S216-02,F,Other,Approved/Enrolled,33.28,1558.5331,AnPhA,S216,02,4.8,4.333333333333333,3.5,0.8911764705882353,NA,NA
94550,AnPhA-S216-02,F,Other,Approved/Enrolled,85.3408,2856.6166,AnPhA,S216,02,5,5,4,0.9522352941176471,NA,NA
94898,AnPhA-S216-02,F,Other,Approved/Enrolled,73.6608,1904.1662,AnPhA,S216,02,5,5,4.5,0.9279411764705883,NA,NA
94903,AnPhA-S216-02,F,Course Unavailable at Local School,Approved/Enrolled,69.8808,2288.5835,AnPhA,S216,02,4.4,4.333333333333333,3.5,0.7227941176470588,NA,NA
95017,AnPhA-S216-02,F,Other,Approved/Enrolled,71.52,2773.6164,AnPhA,S216,02,5,3.6666666666666665,4,0.9941176470588236,NA,NA
95041,AnPhA-S216-02,F,Other,Approved/Enrolled,14.5408,322.9502,AnPhA,S216,02,5,5,3.5,0.4669411764705882,NA,NA
95264,AnPhA-S216-02,M,Learning Preference of the Student,Dropped,NA,237.3,AnPhA,S216,02,3.8,3.6666666666666665,2.5,0.20588235294117646,NA,NA
95377,AnPhA-S216-02,F,Learning Preference of the Student,Approved/Enrolled,76.6304,1089.9667,AnPhA,S216,02,5,5,5,0.7168823529411765,NA,NA
95919,AnPhA-S216-02,M,Course Unavailable at Local School,Approved/Enrolled,86.534932800000007,1937.4333,AnPhA,S216,02,5,5,4,0.9,NA,NA
96826,AnPhA-S216-02,F,Learning Preference of the Student,Approved/Enrolled,88.408,1073.95,AnPhA,S216,02,4,4,3.5,0.9134117647058824,NA,NA
96871,AnPhA-S216-02,F,Other,Approved/Enrolled,81.1482656,244.3835,AnPhA,S216,02,4.6,4,4,0.8485294117647059,NA,NA
66508,AnPhA-T116-01,F,Scheduling Conflict,Dropped,NA,0.45,AnPhA,T116,01,4,3.6666666666666665,3.5,0,NA,NA
76132,AnPhA-T116-01,F,Other,Approved/Enrolled,95.3392,5037.3331,AnPhA,T116,01,5,5,5,0.9764705882352941,NA,NA
79859,AnPhA-T116-01,F,Course Unavailable at Local School,Approved/Enrolled,72.992,2040.7333,AnPhA,T116,01,5,4.666666666666667,4.5,0.7654705882352941,NA,NA
84640,AnPhA-T116-01,F,Course Unavailable at Local School,Approved/Enrolled,86.1648,2362.1,AnPhA,T116,01,5,5,4,0.9014705882352941,NA,NA
84641,AnPhA-T116-01,F,Course Unavailable at Local School,Approved/Enrolled,83.5525328,4614.4,AnPhA,T116,01,4,4,3,0.9352941176470588,NA,NA
84749,AnPhA-T116-01,F,Course Unavailable at Local School,Approved/Enrolled,82.552,4199.4169,AnPhA,T116,01,5,4,4,0.9264705882352942,NA,NA
87865,AnPhA-T116-01,F,Scheduling Conflict,Approved/Enrolled,83.1264,1304.1168,AnPhA,T116,01,3.8,4.666666666666667,3.5,0.886235294117647,NA,NA
88995,AnPhA-T116-01,F,Course Unavailable at Local School,Approved/Enrolled,85.7936,119.3169,AnPhA,T116,01,4.2,4,4,0.9000294117647059,NA,NA
89005,AnPhA-T116-01,M,Course Unavailable at Local School,Approved/Enrolled,87.6208,2429.3997,AnPhA,T116,01,5,5,3.5,0.9529411764705882,NA,NA
90516,AnPhA-T116-01,F,Learning Preference of the Student,Approved/Enrolled,73.8816,250.4331,AnPhA,T116,01,4.6,4,3.5,0.8625294117647059,NA,NA
61965,BioA-S116-01,M,Learning Preference of the Student,Approved/Enrolled,77.65698925,615.2168,BioA,S116,01,3.6,4,3,0.7302857142857143,6,136
68598,BioA-S116-01,F,Learning Preference of the Student,Approved/Enrolled,87.24408602,3331.6169,BioA,S116,01,4.2,3.3333333333333335,4,0.8707142857142857,6,480
69937,BioA-S116-01,F,Learning Preference of the Student,Withdrawn,NA,1.2168,BioA,S116,01,NA,3.6666666666666665,2,0,NA,NA
70408,BioA-S116-01,F,Learning Preference of the Student,Approved/Enrolled,91.50537634,6664.4499,BioA,S116,01,3.4,2.6666666666666665,2.5,0.9071428571428571,13,871
70681,BioA-S116-01,F,Learning Preference of the Student,Approved/Enrolled,90.23655914,2602.2333,BioA,S116,01,4.8,4.333333333333333,3.5,0.9177142857142857,12,563
71434,BioA-S116-01,M,Scheduling Conflict,Approved/Enrolled,83.96021505,1006.3337,BioA,S116,01,3.6,2.6666666666666665,3,0.8280857142857142,6,409
77169,BioA-S116-01,M,Scheduling Conflict,Approved/Enrolled,93.8172043,735.0999,BioA,S116,01,4,3.3333333333333335,3,0.9685714285714285,6,792
85292,BioA-S116-01,M,Scheduling Conflict,Approved/Enrolled,93.34946237,264.2002,BioA,S116,01,2.4,3,3,0.9393571428571428,8,620
85889,BioA-S116-01,M,Learning Preference of the Student,Approved/Enrolled,7.580645161,297.5167,BioA,S116,01,3.6,3.6666666666666665,4.5,0.2642857142857143,NA,NA
86067,BioA-S116-01,F,Learning Preference of the Student,Approved/Enrolled,88.78494624,516.7003,BioA,S116,01,3.6,2.6666666666666665,3,0.9330714285714286,9,543
86110,BioA-S116-01,M,Learning Preference of the Student,Approved/Enrolled,75.11182796,3954.2997,BioA,S116,01,3.8,3,3,0.7125714285714286,6,150
86113,BioA-S116-01,F,Other,Approved/Enrolled,75.0827957,63.6837,BioA,S116,01,3.8,3,4,0.7866285714285715,10,240
86130,BioA-S116-01,F,Other,Approved/Enrolled,72.84946237,142.7337,BioA,S116,01,3.8,3.6666666666666665,3,0.6271428571428571,6,436
86202,BioA-S116-01,M,Credit Recovery,Approved/Enrolled,45.76666667,1391.0673,BioA,S116,01,3,3,3,0.5510714285714285,5,108
86216,BioA-S116-01,M,Scheduling Conflict,Approved/Enrolled,92.94301075,1855.9338,BioA,S116,01,3.8,3.3333333333333335,3.5,0.8985714285714286,8,622
86580,BioA-S116-01,F,Learning Preference of the Student,Approved/Enrolled,83.16666667,1076.5339,BioA,S116,01,3.8,3.3333333333333335,2.5,0.7972857142857143,6,382
87081,BioA-S116-01,M,Other,Approved/Enrolled,6.693548387,181.5999,BioA,S116,01,4,4,4,0.2667857142857143,3,64
87552,BioA-S116-01,F,Scheduling Conflict,Approved/Enrolled,90.08064516,1496.8001,BioA,S116,01,4,4.666666666666667,NA,0.9382142857142857,6,360
88568,BioA-S116-01,M,Other,Approved/Enrolled,36.57419355,1329.3997,BioA,S116,01,3,3,3.5,0.4471428571428571,3,28
89300,BioA-S116-01,M,Scheduling Conflict,Approved/Enrolled,61.3172043,1132.1503,BioA,S116,01,3.4,3.6666666666666665,3,0.5589285714285714,1,1
90253,BioA-S116-01,F,Other,Approved/Enrolled,64.23548387,1803.8334,BioA,S116,01,NA,3.3333333333333335,3.5,0.7882142857142858,4,134
90430,BioA-S116-01,F,Credit Recovery,Approved/Enrolled,78.86666667,2252.5,BioA,S116,01,4,3.3333333333333335,3,0.7455714285714286,5,363
90466,BioA-S116-01,F,Course Unavailable at Local School,Approved/Enrolled,82.33333333,658.4165,BioA,S116,01,5,5,5,0.8205714285714285,5,131
91066,BioA-S116-01,F,Other,Approved/Enrolled,36.34408602,222.9831,BioA,S116,01,3.8,3.6666666666666665,4,0.3028571428571429,3,84
91067,BioA-S116-01,F,Other,Approved/Enrolled,99.75806452,2920.9838,BioA,S116,01,4.2,3.3333333333333335,4,0.9964285714285714,6,473
91300,BioA-S116-01,F,Scheduling Conflict,Approved/Enrolled,96.26344086,1311.9998,BioA,S116,01,4.2,3.6666666666666665,3.5,0.9521428571428572,9,680
91351,BioA-S116-01,F,Other,Approved/Enrolled,6.747311828,206.2335,BioA,S116,01,3.8,4,4,0.2689285714285714,3,73
91611,BioA-S116-01,F,Course Unavailable at Local School,Approved/Enrolled,92.90322581,616.3672,BioA,S116,01,4,3,3,0.9292857142857143,6,418
91624,BioA-S116-01,M,Course Unavailable at Local School,Approved/Enrolled,78.54946237,583.1167,BioA,S116,01,5,3.6666666666666665,4,0.8592857142857143,8,313
92152,BioA-S116-01,F,Other,Approved/Enrolled,93.48064516,3214.3998,BioA,S116,01,3.4,4,2.5,0.9032,9,434
92510,BioA-S116-01,M,Other,Approved/Enrolled,91.90860215,295.5494,BioA,S116,01,5,5,5,0.9732142857142857,9,594
92606,BioA-S116-01,M,Learning Preference of the Student,Approved/Enrolled,5.698924731,10.1498,BioA,S116,01,3.2,3,2.5,0.22714285714285715,1,35
92633,BioA-S116-01,M,Learning Preference of the Student,Approved/Enrolled,3.010752688,571.2834,BioA,S116,01,4,4,4,0.12,NA,NA
95658,BioA-S216-01,F,Scheduling Conflict,Approved/Enrolled,82.29946524,644.2667,BioA,S216,01,3.6,3.3333333333333335,3,0.8435714285714285,NA,NA
95707,BioA-S216-01,F,Course Unavailable at Local School,Approved/Enrolled,88.57754011,4034.7502,BioA,S216,01,3.2,2.6666666666666665,2,0.9305714285714285,NA,NA
96950,BioA-S216-01,F,Credit Recovery,Approved/Enrolled,91.81818182,2264.4834,BioA,S216,01,4,4,3.5,0.8971428571428571,NA,NA
97374,BioA-S216-01,F,Credit Recovery,Approved/Enrolled,12.35294118,470.8,BioA,S216,01,2.4,2.6666666666666665,2.5,0.355,NA,NA
97386,BioA-S216-01,M,Other,Approved/Enrolled,54.15828877,71.0166,BioA,S216,01,3.8,3.3333333333333335,4,0.6659142857142857,NA,NA
84794,BioA-T116-01,M,Course Unavailable at Local School,Approved/Enrolled,73.81827957,919.5,BioA,T116,01,2.8,3.3333333333333335,4,0.6828571428571428,NA,NA
87689,BioA-T116-01,M,Other,Approved/Enrolled,82.70215054,1525.0333,BioA,T116,01,2.8,3.6666666666666665,3,0.7977,NA,NA
53447,FrScA-S116-01,F,Course Unavailable at Local School,Approved/Enrolled,96.11872146,1479.4166,FrScA,S116,01,3.8,2,3,1.0060240963855422,9,708
55283,FrScA-S116-01,F,Other,Withdrawn,NA,3.9167,FrScA,S116,01,5,3.6666666666666665,4,0.1927710843373494,1,183
61941,FrScA-S116-01,F,Course Unavailable at Local School,Approved/Enrolled,94.29223744,1637.9504,FrScA,S116,01,4.6,4.333333333333333,4,0.9939759036144579,9,863
68188,FrScA-S116-01,M,Course Unavailable at Local School,Approved/Enrolled,92.46575342,583.2498,FrScA,S116,01,5,2.6666666666666665,5,0.9819277108433735,9,281
69072,FrScA-S116-01,F,Course Unavailable at Local School,Approved/Enrolled,93.60730594,956.1665,FrScA,S116,01,4,2.6666666666666665,3.5,0.9939759036144579,9,557
70037,FrScA-S116-01,F,Course Unavailable at Local School,Approved/Enrolled,93.37899543,2591.1496,FrScA,S116,01,5,4.666666666666667,4,0.9518072289156626,10,827
76840,FrScA-S116-01,F,Course Unavailable at Local School,Approved/Enrolled,92.46575342,2634.6832,FrScA,S116,01,5,4.333333333333333,3.5,0.95783132530120485,10,685
77246,FrScA-S116-01,F,Course Unavailable at Local School,Approved/Enrolled,88.35616438,782.5002,FrScA,S116,01,4.6,4,4,0.9006024096385542,8,265
85323,FrScA-S116-01,F,Course Unavailable at Local School,Approved/Enrolled,15.06849315,1449.7001,FrScA,S116,01,5,4.333333333333333,4,0.5090361445783133,12,946
85416,FrScA-S116-01,F,Course Unavailable at Local School,Approved/Enrolled,94.74885845,846.5665,FrScA,S116,01,4.8,3.3333333333333335,4,0.9759036144578314,9,560
85431,FrScA-S116-01,F,Course Unavailable at Local School,Approved/Enrolled,92.92237443,1448.9339,FrScA,S116,01,4,3.3333333333333335,2.5,0.9126506024096386,8,78
85432,FrScA-S116-01,M,Course Unavailable at Local School,Approved/Enrolled,49.08675799,874.0172,FrScA,S116,01,4.6,3,4,0.8765060240963856,9,731
85433,FrScA-S116-01,M,Course Unavailable at Local School,Approved/Enrolled,72.14611872,2575.4667,FrScA,S116,01,4.4,3.3333333333333335,4,0.8524096385542169,8,41
85443,FrScA-S116-01,F,Learning Preference of the Student,Approved/Enrolled,86.30136986,1564.633,FrScA,S116,01,4.8,3.3333333333333335,3.5,0.9096385542168675,10,461
85539,FrScA-S116-01,F,Course Unavailable at Local School,Approved/Enrolled,90.1826484,2948.6174,FrScA,S116,01,3.8,4,3.5,0.9337349397590361,9,229
85649,FrScA-S116-01,F,Course Unavailable at Local School,Approved/Enrolled,86.98630137,1464.4668,FrScA,S116,01,4,3,3,0.9186746987951807,9,238
85650,FrScA-S116-01,M,Course Unavailable at Local School,Approved/Enrolled,100,2689.1334,FrScA,S116,01,4.2,3,3.5,1.0301204819277108,9,713
85651,FrScA-S116-01,M,Course Unavailable at Local School,Approved/Enrolled,64.98858447,565.7832,FrScA,S116,01,3.2,3,3,0.8409638554216867,9,385
85662,FrScA-S116-01,F,Course Unavailable at Local School,Dropped,NA,107.8999,FrScA,S116,01,3.8,3.6666666666666665,4.5,0.1355421686746988,3,181
85663,FrScA-S116-01,F,Course Unavailable at Local School,Approved/Enrolled,49.31506849,191.3834,FrScA,S116,01,4.6,2.6666666666666665,4,0.9036144578313253,9,616
85665,FrScA-S116-01,F,Course Unavailable at Local School,Approved/Enrolled,96.80365297,4046.6159,FrScA,S116,01,5,4.333333333333333,4.5,1.0060240963855422,9,333
85668,FrScA-S116-01,F,Course Unavailable at Local School,Approved/Enrolled,42.69406393,379.1335,FrScA,S116,01,3.6,2.6666666666666665,3,0.9668674698795181,9,527
85791,FrScA-S116-01,F,Course Unavailable at Local School,Approved/Enrolled,96.80365297,1461.8332,FrScA,S116,01,4.4,4,3.5,1.0180722891566265,15,845
85929,FrScA-S116-01,M,Learning Preference of the Student,Approved/Enrolled,85.61643836,1297.9167,FrScA,S116,01,4,4,3.5,0.9036144578313253,9,174
85930,FrScA-S116-01,F,Learning Preference of the Student,Approved/Enrolled,83.78995434,1647.2669,FrScA,S116,01,4.2,2,3,0.9126506024096386,8,236
86105,FrScA-S116-01,M,Learning Preference of the Student,Approved/Enrolled,89.9543379,4075.5504,FrScA,S116,01,3.2,3,4,0.9939759036144579,9,254
86271,FrScA-S116-01,F,Course Unavailable at Local School,Approved/Enrolled,97.26027397,282.7834,FrScA,S116,01,4.2,4,3.5,1.0060240963855422,9,520
86280,FrScA-S116-01,F,Course Unavailable at Local School,Approved/Enrolled,85.61643836,2167.9669,FrScA,S116,01,5,5,4,0.9036144578313253,11,795
86339,FrScA-S116-01,F,Scheduling Conflict,Approved/Enrolled,91.78082192,598.783,FrScA,S116,01,4.2,3.6666666666666665,3.5,0.9698795180722891,10,521
86340,FrScA-S116-01,F,Scheduling Conflict,Approved/Enrolled,95.43378995,1077.3504,FrScA,S116,01,4.4,3.3333333333333335,4,0.9939759036144579,9,468
86364,FrScA-S116-01,F,Other,Approved/Enrolled,81.27853881,3429.2834,FrScA,S116,01,4.8,3.6666666666666665,4,0.858433734939759,9,443
86365,FrScA-S116-01,F,Other,Approved/Enrolled,98.17351598,1027.7002,FrScA,S116,01,4.4,4,4,1.0060240963855422,9,393
86455,FrScA-S116-01,F,Other,Approved/Enrolled,91.09589041,1616.3337,FrScA,S116,01,5,2.6666666666666665,3,0.9096385542168675,9,290
86476,FrScA-S116-01,F,Course Unavailable at Local School,Approved/Enrolled,95.43378995,1673.8004,FrScA,S116,01,4,2.6666666666666665,4,0.9819277108433735,11,780
86679,FrScA-S116-01,F,Other,Approved/Enrolled,95.89041096,2267.4,FrScA,S116,01,NA,3,4,0.9819277108433735,9,635
86709,FrScA-S116-01,M,Scheduling Conflict,Approved/Enrolled,95.66210046,1600.3334,FrScA,S116,01,4.4,3,3.5,0.9879518072289156,21,325
86792,FrScA-S116-01,F,Course Unavailable at Local School,Approved/Enrolled,99.08675799,879.1998,FrScA,S116,01,4.6,4,4,0.9819277108433735,10,851
86793,FrScA-S116-01,F,Course Unavailable at Local School,Approved/Enrolled,96.34703196,553.3835,FrScA,S116,01,4.8,4,4.5,1.0060240963855422,10,644
86803,FrScA-S116-01,F,Course Unavailable at Local School,Approved/Enrolled,87.55707763,3344.1504,FrScA,S116,01,4.8,4.333333333333333,4.5,0.9789156626506024,9,466
86815,FrScA-S116-01,F,Course Unavailable at Local School,Approved/Enrolled,83.33333333,1666.7332,FrScA,S116,01,4.8,3.3333333333333335,3.5,0.9036144578313253,16,781
87010,FrScA-S116-01,F,Course Unavailable at Local School,Approved/Enrolled,88.01369863,1920.8168,FrScA,S116,01,3.8,3.6666666666666665,3,0.9066265060240963,28,694
87027,FrScA-S116-01,F,Course Unavailable at Local School,Approved/Enrolled,78.76712329,1605.0336,FrScA,S116,01,5,3.6666666666666665,4,0.7831325301204819,7,341
87093,FrScA-S116-01,M,Course Unavailable at Local School,Approved/Enrolled,60.2739726,486.65,FrScA,S116,01,4.4,4.666666666666667,4,0.7590361445783133,7,410
87163,FrScA-S116-01,F,Scheduling Conflict,Approved/Enrolled,88.58447489,1365.8501,FrScA,S116,01,4.6,4.333333333333333,4.5,0.8072289156626506,10,731
87484,FrScA-S116-01,F,Course Unavailable at Local School,Approved/Enrolled,92.69406393,3341.9499,FrScA,S116,01,4,3.3333333333333335,4,0.9759036144578314,10,376
87485,FrScA-S116-01,M,Course Unavailable at Local School,Approved/Enrolled,65.98173516,1451.8836,FrScA,S116,01,3.4,2.6666666666666665,2.5,0.8042168674698795,6,283
87489,FrScA-S116-01,M,Course Unavailable at Local School,Approved/Enrolled,71.00456621,1075.0999,FrScA,S116,01,3.4,2.6666666666666665,3,0.9457831325301205,5,428
87504,FrScA-S116-01,F,Learning Preference of the Student,Approved/Enrolled,55.02283105,1330.8502,FrScA,S116,01,4.8,3.3333333333333335,3,0.8825301204819277,7,173
87579,FrScA-S116-01,M,Scheduling Conflict,Approved/Enrolled,96.11872146,1451.9169,FrScA,S116,01,3.8,3.3333333333333335,3,0.9879518072289156,10,444
87805,FrScA-S116-01,F,Course Unavailable at Local School,Approved/Enrolled,96.80365297,1388.1167,FrScA,S116,01,4.6,3.3333333333333335,4.5,1.0060240963855422,9,271
87905,FrScA-S116-01,F,Course Unavailable at Local School,Approved/Enrolled,93.37899543,2166.8999,FrScA,S116,01,4.4,2.6666666666666665,4,1,9,598
87906,FrScA-S116-01,F,Learning Preference of the Student,Approved/Enrolled,81.73515982,1095.6001,FrScA,S116,01,5,4.333333333333333,3.5,0.927710843373494,9,183
87914,FrScA-S116-01,F,Course Unavailable at Local School,Approved/Enrolled,86.07305936,1156.1668,FrScA,S116,01,4.6,4.333333333333333,3.5,1,10,312
87927,FrScA-S116-01,F,Course Unavailable at Local School,Approved/Enrolled,69.6347032,3934.8498,FrScA,S116,01,4.4,3.3333333333333335,3.5,0.9457831325301205,9,311
88261,FrScA-S116-01,F,Course Unavailable at Local School,Approved/Enrolled,98.63013699,1269.6667,FrScA,S116,01,3.6,2.3333333333333335,2.5,1.0060240963855422,10,646
88493,FrScA-S116-01,F,Course Unavailable at Local School,Dropped,NA,56.3166,FrScA,S116,01,4,2.3333333333333335,3.5,0.1355421686746988,3,86
88501,FrScA-S116-01,M,Course Unavailable at Local School,Approved/Enrolled,78.31050228,3315.3331,FrScA,S116,01,4.6,3.3333333333333335,3.5,0.9548192771084337,10,402
88527,FrScA-S116-01,F,Course Unavailable at Local School,Approved/Enrolled,92.69406393,1551.6665,FrScA,S116,01,4.2,2,3.5,1.0060240963855422,9,624
89128,FrScA-S116-01,F,Other,Approved/Enrolled,87.67123288,362.8837,FrScA,S116,01,4.6,4.666666666666667,4,0.927710843373494,10,551
90095,FrScA-S116-01,F,Other,Approved/Enrolled,73.51598174,1476.0832,FrScA,S116,01,4.4,4.333333333333333,3.5,0.9186746987951807,11,507
90433,FrScA-S116-01,M,Course Unavailable at Local School,Approved/Enrolled,91.09589041,2689.2001,FrScA,S116,01,5,4.666666666666667,4.5,0.858433734939759,4,553
91173,FrScA-S116-01,F,Course Unavailable at Local School,Approved/Enrolled,64.38356164,756.0998,FrScA,S116,01,4.8,3.3333333333333335,3.5,0.9427710843373494,11,211
91471,FrScA-S116-01,M,Other,Approved/Enrolled,65.98173516,946.7998,FrScA,S116,01,4.8,4.333333333333333,4.5,0.8945783132530121,9,415
92143,FrScA-S116-01,F,Other,Approved/Enrolled,93.37899543,1792.1003,FrScA,S116,01,3.8,3,3.5,0.963855421686747,7,702
92214,FrScA-S116-01,M,Course Unavailable at Local School,Approved/Enrolled,84.64611872,1101.833,FrScA,S116,01,3.4,4,4,0.9397590361445783,9,628
61357,FrScA-S116-02,F,Course Unavailable at Local School,Dropped,NA,NA,FrScA,S116,02,5,4.666666666666667,4.5,0,NA,NA
62157,FrScA-S116-02,F,Course Unavailable at Local School,Approved/Enrolled,70.62100457,2497.1666,FrScA,S116,02,5,4,5,0.8612650602409638,10,573
67762,FrScA-S116-02,F,Course Unavailable at Local School,Approved/Enrolled,83.41324201,801.2336,FrScA,S116,02,5,4.666666666666667,3.5,0.8954216867469881,12,966
68768,FrScA-S116-02,F,Course Unavailable at Local School,Approved/Enrolled,64.76027397,1966.0169,FrScA,S116,02,4.6,2.6666666666666665,4,0.6569277108433734,10,461
77298,FrScA-S116-02,F,Course Unavailable at Local School,Approved/Enrolled,75.46118721,1907.6502,FrScA,S116,02,4.6,2.6666666666666665,4,0.8575301204819277,9,472
85567,FrScA-S116-02,F,Course Unavailable at Local School,Approved/Enrolled,65.17808219,2544.3666,FrScA,S116,02,4.6,3.3333333333333335,4,0.7869277108433734,14,575
85661,FrScA-S116-02,F,Course Unavailable at Local School,Approved/Enrolled,87.19863014,1375.4834,FrScA,S116,02,4.4,3,3,0.9066265060240963,9,161
85698,FrScA-S116-02,M,Course Unavailable at Local School,Approved/Enrolled,32.5913242,1070.2167,FrScA,S116,02,5,4.333333333333333,4,0.7213855421686747,6,355
86627,FrScA-S116-02,M,Course Unavailable at Local School,Approved/Enrolled,61.2283105,2193.117,FrScA,S116,02,4.2,4.666666666666667,4,0.7129518072289156,8,709
91340,FrScA-S116-02,F,Learning Preference of the Student,Approved/Enrolled,85.38356164,1182.9332,FrScA,S116,02,5,4,3,0.8971686746987952,9,662
57224,FrScA-S116-03,F,Course Unavailable at Local School,Approved/Enrolled,87.09360731,2356.4668,FrScA,S116,03,4.4,3,3.5,0.9187650602409639,9,409
70068,FrScA-S116-03,F,Course Unavailable at Local School,Approved/Enrolled,95.37671233,2101.933,FrScA,S116,03,4.8,2.3333333333333335,3,0.9917168674698795,7,328
73132,FrScA-S116-03,F,Other,Approved/Enrolled,87.52968037,1746.5501,FrScA,S116,03,4.6,4.333333333333333,4.5,0.9503012048192772,7,707
77976,FrScA-S116-03,F,Course Unavailable at Local School,Approved/Enrolled,90.59589041,2448.4838,FrScA,S116,03,3.4,2.6666666666666665,3,0.9118975903614458,11,746
78691,FrScA-S116-03,F,Learning Preference of the Student,Approved/Enrolled,92.92237443,1559.9667,FrScA,S116,03,4,2,3,0.990210843373494,9,583
85574,FrScA-S116-03,F,Course Unavailable at Local School,Approved/Enrolled,96.60502283,1871.1168,FrScA,S116,03,5,4,4.5,0.9962349397590361,9,1096
85700,FrScA-S116-03,M,Course Unavailable at Local School,Approved/Enrolled,89.84246575,787.2831,FrScA,S116,03,3.8,3.6666666666666665,3.5,0.9318975903614457,11,674
85701,FrScA-S116-03,F,Course Unavailable at Local School,Approved/Enrolled,91.4109589,2381.6998,FrScA,S116,03,4,4,3.5,0.9620180722891566,12,679
85702,FrScA-S116-03,F,Course Unavailable at Local School,Approved/Enrolled,86.52054795,638.7338,FrScA,S116,03,5,4.333333333333333,3.5,0.9322289156626506,7,685
85704,FrScA-S116-03,F,Course Unavailable at Local School,Approved/Enrolled,68.26484018,1376.483,FrScA,S116,03,5,3.6666666666666665,3.5,0.8554216867469879,8,1040
85891,FrScA-S116-03,M,Course Unavailable at Local School,Approved/Enrolled,85.87442922,1784.2506,FrScA,S116,03,5,4.333333333333333,4,0.9375301204819276,7,401
86309,FrScA-S116-03,F,Course Unavailable at Local School,Approved/Enrolled,68.65525114,1219.4837,FrScA,S116,03,4.8,3.3333333333333335,4.5,0.7626204819277108,10,662
86618,FrScA-S116-03,F,Course Unavailable at Local School,Approved/Enrolled,49.13013699,2393.4669,FrScA,S116,03,5,5,4.5,0.6460240963855421,3,222
86882,FrScA-S116-03,F,Course Unavailable at Local School,Approved/Enrolled,80.3652968,1294.8334,FrScA,S116,03,5,3.6666666666666665,4.5,0.8403614457831325,9,1101
88636,FrScA-S116-03,M,Course Unavailable at Local School,Approved/Enrolled,65.56392694,1284.8333,FrScA,S116,03,5,4.333333333333333,5,0.8732831325301205,7,313
88835,FrScA-S116-03,F,Course Unavailable at Local School,Approved/Enrolled,81.97945205,2062.95,FrScA,S116,03,4.2,2.6666666666666665,3.5,0.9012349397590361,9,320
88836,FrScA-S116-03,F,Learning Preference of the Student,Approved/Enrolled,67.91780822,152.7499,FrScA,S116,03,4.8,3.3333333333333335,3,0.7224698795180723,5,64
88868,FrScA-S116-03,M,Course Unavailable at Local School,Approved/Enrolled,76.30821918,1174.3499,FrScA,S116,03,4.4,3.6666666666666665,3.5,0.8057228915662651,7,633
88874,FrScA-S116-03,F,Course Unavailable at Local School,Approved/Enrolled,11.15296804,700.9668,FrScA,S116,03,3.4,3.3333333333333335,2.5,0.3781626506024096,7,382
88886,FrScA-S116-03,F,Course Unavailable at Local School,Approved/Enrolled,75.28310502,1598.3499,FrScA,S116,03,4,3,4,0.8846084337349398,9,276
89144,FrScA-S116-03,F,Course Unavailable at Local School,Approved/Enrolled,90.65068493,2582.4167,FrScA,S116,03,5,4.333333333333333,4.5,0.9905120481927712,10,1029
89165,FrScA-S116-03,F,Course Unavailable at Local School,Approved/Enrolled,92.46575342,2571.5334,FrScA,S116,03,5,4,3,0.9849397590361446,10,1598
89168,FrScA-S116-03,F,Course Unavailable at Local School,Dropped,NA,60.65,FrScA,S116,03,4.2,3.6666666666666665,3.5,0.045180722891566265,NA,NA
89376,FrScA-S116-03,F,Other,Approved/Enrolled,86.29452055,3780.5335,FrScA,S116,03,5,4.666666666666667,4,1.001987951807229,11,1100
90097,FrScA-S116-03,F,Course Unavailable at Local School,Approved/Enrolled,76.97031963,1145.5167,FrScA,S116,03,4.6,3.3333333333333335,3,0.8039156626506023,7,381
90098,FrScA-S116-03,F,Course Unavailable at Local School,Approved/Enrolled,86.60045662,1692.6164,FrScA,S116,03,5,4.666666666666667,4.5,0.9062951807228915,7,1501
90274,FrScA-S116-03,F,Course Unavailable at Local School,Approved/Enrolled,94.30365297,1517.5835,FrScA,S116,03,5,5,4.5,0.9965361445783133,9,1953
90370,FrScA-S116-03,F,Other,Approved/Enrolled,63.85159817,3890,FrScA,S116,03,4.4,3.6666666666666665,3,0.7846686746987952,3,401
90372,FrScA-S116-03,F,Course Unavailable at Local School,Approved/Enrolled,62.73287671,1378.984,FrScA,S116,03,5,4,3.5,0.7264457831325302,11,620
90855,FrScA-S116-03,F,Course Unavailable at Local School,Approved/Enrolled,67.956621,1103.0832,FrScA,S116,03,4.6,4,4,0.7447289156626506,7,906
90878,FrScA-S116-03,M,Scheduling Conflict,Approved/Enrolled,88.52054795,1178.0834,FrScA,S116,03,4.6,2.6666666666666665,3.5,0.9614759036144578,9,692
92604,FrScA-S116-03,F,Course Unavailable at Local School,Approved/Enrolled,7.2031963470000004,811.4334,FrScA,S116,03,3.2,3,2.5,0.26174698795180723,3,22
88075,FrScA-S116-04,F,Learning Preference of the Student,Approved/Enrolled,83.17123288,4323.8332,FrScA,S116,04,4.6,3.6666666666666665,3.5,0.8539156626506024,12,677
91176,FrScA-S116-04,F,Course Unavailable at Local School,Approved/Enrolled,96.1803653,3868.5332,FrScA,S116,04,5,5,4.5,0.9753313253012048,12,1223
47448,FrScA-S216-01,F,Other,Approved/Enrolled,88.48758465,860.4335,FrScA,S216,01,4.2,3,3,0.9397590361445783,NA,NA
53475,FrScA-S216-01,F,Course Unavailable at Local School,Approved/Enrolled,81.03837472,1867.4169,FrScA,S216,01,4.8,3.3333333333333335,4,0.8795180722891566,NA,NA
55078,FrScA-S216-01,M,Learning Preference of the Student,Approved/Enrolled,97.74266366,2130.7497,FrScA,S216,01,4.4,3.6666666666666665,3,0.9879518072289156,NA,NA
65116,FrScA-S216-01,F,Course Unavailable at Local School,Approved/Enrolled,93.22799097,1918.6166,FrScA,S216,01,4.8,3.6666666666666665,3.5,0.9759036144578314,NA,NA
66689,FrScA-S216-01,F,Course Unavailable at Local School,Approved/Enrolled,98.64559819,1137.8334,FrScA,S216,01,4.4,3.3333333333333335,3.5,1,NA,NA
67463,FrScA-S216-01,F,Course Unavailable at Local School,Approved/Enrolled,91.4221219,1359.033,FrScA,S216,01,3.2,4,3,0.9156626506024096,NA,NA
68795,FrScA-S216-01,F,Course Unavailable at Local School,Approved/Enrolled,83.06997743,3022.5333,FrScA,S216,01,5,3.6666666666666665,4.5,0.9879518072289156,NA,NA
69182,FrScA-S216-01,F,Course Unavailable at Local School,Approved/Enrolled,91.19638826,444.4832,FrScA,S216,01,3.8,3.3333333333333335,3,0.9879518072289156,NA,NA
69397,FrScA-S216-01,F,Course Unavailable at Local School,Approved/Enrolled,94.69525959,1087.6003,FrScA,S216,01,4.4,3.6666666666666665,4,0.9668674698795181,NA,NA
71110,FrScA-S216-01,F,Course Unavailable at Local School,Approved/Enrolled,88.71331828,2006.4003,FrScA,S216,01,5,4.666666666666667,4.5,0.9397590361445783,NA,NA
71415,FrScA-S216-01,M,Course Unavailable at Local School,Approved/Enrolled,14.4469526,408.4,FrScA,S216,01,4.8,3.6666666666666665,4.5,0.45180722891566266,NA,NA
77190,FrScA-S216-01,F,Other,Approved/Enrolled,92.43792325,763.1498,FrScA,S216,01,5,3.3333333333333335,4.5,0.9337349397590361,NA,NA
85123,FrScA-S216-01,F,Course Unavailable at Local School,Approved/Enrolled,81.71557562,1341.7002,FrScA,S216,01,4,4.333333333333333,4,0.9156626506024096,NA,NA
85258,FrScA-S216-01,F,Course Unavailable at Local School,Approved/Enrolled,89.05191874,2285.7836,FrScA,S216,01,4,3.6666666666666665,3,0.9397590361445783,NA,NA
85287,FrScA-S216-01,F,Course Unavailable at Local School,Approved/Enrolled,93.67945824,156.5829,FrScA,S216,01,4.6,3.6666666666666665,4,0.9879518072289156,NA,NA
85642,FrScA-S216-01,F,Course Unavailable at Local School,Approved/Enrolled,83.74717833,1627.3499,FrScA,S216,01,3.2,3.3333333333333335,2.5,0.9518072289156626,NA,NA
85644,FrScA-S216-01,M,Course Unavailable at Local School,Approved/Enrolled,84.98871332,890.4333,FrScA,S216,01,5,3.3333333333333335,4,0.9487951807228916,NA,NA
85659,FrScA-S216-01,M,Course Unavailable at Local School,Approved/Enrolled,67.72009029,816.7002,FrScA,S216,01,3.8,3.3333333333333335,2.5,0.79216867469879515,NA,NA
85796,FrScA-S216-01,F,Course Unavailable at Local School,Approved/Enrolled,91.19638826,1024.7833,FrScA,S216,01,4,3,2.5,0.9457831325301205,NA,NA
86229,FrScA-S216-01,F,Course Unavailable at Local School,Approved/Enrolled,84.65011287,1210.0499,FrScA,S216,01,5,3.3333333333333335,4.5,0.927710843373494,NA,NA
86251,FrScA-S216-01,F,Other,Approved/Enrolled,72.91196388,1374.95,FrScA,S216,01,4.4,2.6666666666666665,3,0.8433734939759037,NA,NA
86349,FrScA-S216-01,F,Scheduling Conflict,Approved/Enrolled,87.81038375,847.9663,FrScA,S216,01,5,5,4.5,0.9518072289156626,NA,NA
86490,FrScA-S216-01,F,Course Unavailable at Local School,Approved/Enrolled,93.67945824,1101.2833,FrScA,S216,01,4.4,4.333333333333333,3.5,0.95783132530120485,NA,NA
86515,FrScA-S216-01,M,Course Unavailable at Local School,Approved/Enrolled,87.13318284,846.0835,FrScA,S216,01,5,4,4,0.8975903614457831,NA,NA
86836,FrScA-S216-01,F,Course Unavailable at Local School,Approved/Enrolled,89.84198646,1422.7335,FrScA,S216,01,4,3,3,0.9457831325301205,NA,NA
87020,FrScA-S216-01,F,Course Unavailable at Local School,Approved/Enrolled,73.25056433,1788.9003,FrScA,S216,01,4,3.3333333333333335,4,0.8795180722891566,NA,NA
87861,FrScA-S216-01,F,Course Unavailable at Local School,Approved/Enrolled,95.48532731,3303.3832,FrScA,S216,01,4.6,3.6666666666666665,4,0.9879518072289156,NA,NA
88596,FrScA-S216-01,F,Course Unavailable at Local School,Approved/Enrolled,91.87358916,1395.8998,FrScA,S216,01,4.4,3.6666666666666665,3,0.9518072289156626,NA,NA
88845,FrScA-S216-01,F,Course Unavailable at Local School,Approved/Enrolled,90.97065463,1075.6163,FrScA,S216,01,4.8,3.6666666666666665,3.5,0.9548192771084337,NA,NA
88854,FrScA-S216-01,M,Course Unavailable at Local School,Approved/Enrolled,69.63882619,885.9167,FrScA,S216,01,3.8,2.6666666666666665,2.5,0.8313253012048193,NA,NA
89333,FrScA-S216-01,F,Other,Approved/Enrolled,90.51918736,945.417,FrScA,S216,01,NA,4,3.5,0.9397590361445783,NA,NA
89345,FrScA-S216-01,M,Course Unavailable at Local School,Dropped,NA,48.4333,FrScA,S216,01,4,2.3333333333333335,4,0.07228915662650602,NA,NA
89465,FrScA-S216-01,M,Course Unavailable at Local School,Dropped,NA,24.65,FrScA,S216,01,3,3.3333333333333335,2.5,0,NA,NA
90029,FrScA-S216-01,F,Other,Approved/Enrolled,68.62302483,766.5663,FrScA,S216,01,4.8,3.6666666666666665,3.5,0.7710843373493976,NA,NA
90277,FrScA-S216-01,M,Course Unavailable at Local School,Approved/Enrolled,91.4221219,1097.8003,FrScA,S216,01,4.4,3,3.5,0.9397590361445783,NA,NA
90394,FrScA-S216-01,F,Course Unavailable at Local School,Approved/Enrolled,45.59819413,871.2833,FrScA,S216,01,5,3.3333333333333335,3.5,0.8012048192771084,NA,NA
90622,FrScA-S216-01,F,Course Unavailable at Local School,Approved/Enrolled,89.61625282,1077.1836,FrScA,S216,01,3.8,3.3333333333333335,2.5,0.9156626506024096,NA,NA
90636,FrScA-S216-01,M,Course Unavailable at Local School,Approved/Enrolled,52.37020316,849.6835,FrScA,S216,01,3.8,3.6666666666666665,3.5,0.9457831325301205,NA,NA
90989,FrScA-S216-01,F,Learning Preference of the Student,Approved/Enrolled,88.48758465,1821.6838,FrScA,S216,01,4.8,3,3.5,0.9096385542168675,NA,NA
91212,FrScA-S216-01,F,Course Unavailable at Local School,Approved/Enrolled,81.6027088,906.8832,FrScA,S216,01,5,4.666666666666667,3.5,0.9156626506024096,NA,NA
92124,FrScA-S216-01,M,Other,Approved/Enrolled,75.16930023,918.1832,FrScA,S216,01,4.2,2.6666666666666665,3.5,0.8765060240963856,NA,NA
94070,FrScA-S216-01,M,Other,Approved/Enrolled,93.67945824,2469.4006,FrScA,S216,01,4.4,4,3.5,0.9879518072289156,NA,NA
94135,FrScA-S216-01,F,Other,Approved/Enrolled,85.89164786,706.2332,FrScA,S216,01,4.4,3.6666666666666665,3.5,0.9006024096385542,NA,NA
94156,FrScA-S216-01,F,Course Unavailable at Local School,Approved/Enrolled,95.03386005,2598.5669,FrScA,S216,01,3.8,3,3,1,NA,NA
94172,FrScA-S216-01,F,Course Unavailable at Local School,Approved/Enrolled,90.97065463,1835.5833,FrScA,S216,01,4.2,4,4,0.9518072289156626,NA,NA
94257,FrScA-S216-01,F,Course Unavailable at Local School,Approved/Enrolled,90.29345372,1175.833,FrScA,S216,01,5,3.6666666666666665,4,0.9397590361445783,NA,NA
94288,FrScA-S216-01,M,Course Unavailable at Local School,Approved/Enrolled,91.87358916,3058.6498,FrScA,S216,01,4.6,3.6666666666666665,4,0.9518072289156626,NA,NA
94292,FrScA-S216-01,M,Other,Approved/Enrolled,89.05191874,3135.3167,FrScA,S216,01,5,5,5,0.9367469879518072,NA,NA
94331,FrScA-S216-01,F,Learning Preference of the Student,Approved/Enrolled,21.89616253,524.7165,FrScA,S216,01,4.8,3.6666666666666665,4,0.41566265060240964,NA,NA
94332,FrScA-S216-01,M,Course Unavailable at Local School,Approved/Enrolled,75.84650113,1272.7337,FrScA,S216,01,4,2,3,0.9759036144578314,NA,NA
94356,FrScA-S216-01,F,Scheduling Conflict,Dropped,NA,160.4166,FrScA,S216,01,5,4.333333333333333,3,0.18072289156626506,NA,NA
94370,FrScA-S216-01,M,Learning Preference of the Student,Approved/Enrolled,94.13092551,940.3001,FrScA,S216,01,4,4,4,0.963855421686747,NA,NA
94376,FrScA-S216-01,F,Course Unavailable at Local School,Approved/Enrolled,93.67945824,1434.3999,FrScA,S216,01,4,2.6666666666666665,3.5,0.9518072289156626,NA,NA
94400,FrScA-S216-01,M,Learning Preference of the Student,Approved/Enrolled,85.10158014,2111.7837,FrScA,S216,01,3.8,3,2.5,0.9397590361445783,NA,NA
94402,FrScA-S216-01,M,Course Unavailable at Local School,Approved/Enrolled,92.0993228,177.7168,FrScA,S216,01,4.4,3.6666666666666665,3.5,0.963855421686747,NA,NA
94404,FrScA-S216-01,F,Learning Preference of the Student,Approved/Enrolled,83.18284424,1665.1169,FrScA,S216,01,4,2.3333333333333335,3.5,0.8975903614457831,NA,NA
94419,FrScA-S216-01,M,Other,Approved/Enrolled,83.74717833,1095.1999,FrScA,S216,01,3.8,3.3333333333333335,3,0.9879518072289156,NA,NA
94586,FrScA-S216-01,F,Learning Preference of the Student,Approved/Enrolled,75.16930023,791.0503,FrScA,S216,01,4.4,3.6666666666666665,3.5,0.8343373493975904,NA,NA
94661,FrScA-S216-01,F,Course Unavailable at Local School,Approved/Enrolled,73.13769752,1705.1165,FrScA,S216,01,5,3.6666666666666665,5,0.8885542168674698,NA,NA
94756,FrScA-S216-01,F,Course Unavailable at Local School,Approved/Enrolled,68.84875847,1122.5334,FrScA,S216,01,4.2,3,3,0.8644578313253012,NA,NA
94824,FrScA-S216-01,F,Course Unavailable at Local School,Approved/Enrolled,96.38826185,2414.5498,FrScA,S216,01,4.8,3.3333333333333335,3.5,0.9879518072289156,NA,NA
94869,FrScA-S216-01,F,Course Unavailable at Local School,Approved/Enrolled,40.97065463,955.3,FrScA,S216,01,3.4,2.3333333333333335,3,0.9066265060240963,NA,NA
95005,FrScA-S216-01,F,Other,Approved/Enrolled,95.03386005,2182.8836,FrScA,S216,01,4.2,3.6666666666666665,3.5,0.9759036144578314,NA,NA
95045,FrScA-S216-01,F,Course Unavailable at Local School,Approved/Enrolled,76.74943567,2977.4502,FrScA,S216,01,2.6,1.6666666666666667,2,0.572289156626506,NA,NA
95165,FrScA-S216-01,F,Course Unavailable at Local School,Approved/Enrolled,92.0993228,1113.2168,FrScA,S216,01,4,2,3.5,0.9397590361445783,NA,NA
95360,FrScA-S216-01,F,Other,Approved/Enrolled,91.87358916,1613.3166,FrScA,S216,01,4.6,2,4,0.9518072289156626,NA,NA
95449,FrScA-S216-01,F,Other,Approved/Enrolled,42.0993228,1232.8665,FrScA,S216,01,5,4,4,0.6957831325301205,NA,NA
95485,FrScA-S216-01,M,Course Unavailable at Local School,Approved/Enrolled,36.79458239,193.0498,FrScA,S216,01,4.2,5,3,0.7349397590361446,NA,NA
95633,FrScA-S216-01,M,Course Unavailable at Local School,Approved/Enrolled,66.93002257,981.7835,FrScA,S216,01,4,3.3333333333333335,3,0.8644578313253012,NA,NA
95684,FrScA-S216-01,M,Course Unavailable at Local School,Approved/Enrolled,0.902934537,88.5167,FrScA,S216,01,3.8,3.6666666666666665,3,0,NA,NA
95726,FrScA-S216-01,F,Course Unavailable at Local School,Approved/Enrolled,94.58239278,1823.8667,FrScA,S216,01,4.2,3,3.5,0.927710843373494,NA,NA
95743,FrScA-S216-01,F,Course Unavailable at Local School,Approved/Enrolled,95.93679458,3122.9167,FrScA,S216,01,4.8,3.3333333333333335,4,0.9759036144578314,NA,NA
95896,FrScA-S216-01,F,Learning Preference of the Student,Approved/Enrolled,75.50790068,1133.2169,FrScA,S216,01,4,2.6666666666666665,2.5,0.8192771084337349,NA,NA
95989,FrScA-S216-01,M,Course Unavailable at Local School,Approved/Enrolled,85.44018059,873.6171,FrScA,S216,01,4,4.333333333333333,3.5,0.9216867469879518,NA,NA
95991,FrScA-S216-01,F,Course Unavailable at Local School,Approved/Enrolled,82.39277652,870.3836,FrScA,S216,01,5,4.666666666666667,4.5,0.8192771084337349,NA,NA
43146,FrScA-S216-02,F,Course Unavailable at Local School,Approved/Enrolled,93.4537246,1555.1667,FrScA,S216,02,4.2,3.6666666666666665,4,0.9759036144578314,NA,NA
77067,FrScA-S216-02,F,Course Unavailable at Local School,Dropped,NA,40.4334,FrScA,S216,02,3.6,3,4.5,0.18072289156626506,NA,NA
77141,FrScA-S216-02,F,Course Unavailable at Local School,Approved/Enrolled,82.27990971,3020.7167,FrScA,S216,02,4.2,4,3.5,0.95783132530120485,NA,NA
77980,FrScA-S216-02,F,Course Unavailable at Local School,Approved/Enrolled,93.00225734,3031.3165,FrScA,S216,02,4.4,4.333333333333333,4,0.9759036144578314,NA,NA
87988,FrScA-S216-02,F,Course Unavailable at Local School,Dropped,NA,7.8831,FrScA,S216,02,5,4.333333333333333,4.5,0.07228915662650602,NA,NA
88048,FrScA-S216-02,F,Course Unavailable at Local School,Approved/Enrolled,93.00225734,2269.133,FrScA,S216,02,3.6,2.6666666666666665,3,0.9518072289156626,NA,NA
89994,FrScA-S216-02,F,Course Unavailable at Local School,Approved/Enrolled,90.74492099,2310.3333,FrScA,S216,02,4.6,3.6666666666666665,4,0.9759036144578314,NA,NA
91410,FrScA-S216-02,M,Course Unavailable at Local School,Approved/Enrolled,61.173814900000004,857.6167,FrScA,S216,02,3.4,3.3333333333333335,2.5,0.713855421686747,NA,NA
91550,FrScA-S216-02,F,Course Unavailable at Local School,Approved/Enrolled,69.97742664,1722.1833,FrScA,S216,02,3.8,4,2,0.8283132530120482,NA,NA
91607,FrScA-S216-02,M,Course Unavailable at Local School,Approved/Enrolled,70.54176072,608.0833,FrScA,S216,02,4.4,4.333333333333333,4,0.7981927710843374,NA,NA
91943,FrScA-S216-02,F,Course Unavailable at Local School,Approved/Enrolled,91.64785553,3429.0336,FrScA,S216,02,5,4.666666666666667,4.5,0.9759036144578314,NA,NA
95476,FrScA-S216-02,F,Course Unavailable at Local School,Approved/Enrolled,68.17155756,1038.0003,FrScA,S216,02,5,5,4.5,0.7831325301204819,NA,NA
95923,FrScA-S216-02,F,Course Unavailable at Local School,Approved/Enrolled,89.61625282,1276.7667,FrScA,S216,02,4.2,3.3333333333333335,3,0.95783132530120485,NA,NA
95925,FrScA-S216-02,F,Course Unavailable at Local School,Approved/Enrolled,90.74492099,2111.8333,FrScA,S216,02,5,3.6666666666666665,3,0.963855421686747,NA,NA
96082,FrScA-S216-02,M,Course Unavailable at Local School,Approved/Enrolled,52.59593679,1250.7833,FrScA,S216,02,3.6,3.6666666666666665,3.5,0.7289156626506024,NA,NA
96134,FrScA-S216-02,F,Learning Preference of the Student,Approved/Enrolled,89.72911964,2047.7501,FrScA,S216,02,5,3.3333333333333335,4.5,0.9608433734939759,NA,NA
96142,FrScA-S216-02,F,Course Unavailable at Local School,Approved/Enrolled,90.85778781,1548.7666,FrScA,S216,02,4.4,3.3333333333333335,3.5,0.9066265060240963,NA,NA
96189,FrScA-S216-02,F,Course Unavailable at Local School,Approved/Enrolled,88.48758465,1268.1002,FrScA,S216,02,4.8,3.3333333333333335,2.5,0.927710843373494,NA,NA
96280,FrScA-S216-02,F,Course Unavailable at Local School,Approved/Enrolled,81.03837472,914.8667,FrScA,S216,02,4.2,3.6666666666666665,3,0.9397590361445783,NA,NA
96414,FrScA-S216-02,F,Learning Preference of the Student,Approved/Enrolled,61.62528217,310.9335,FrScA,S216,02,4.8,3.3333333333333335,3.5,0.9216867469879518,NA,NA
96433,FrScA-S216-02,F,Course Unavailable at Local School,Approved/Enrolled,93.4537246,2427.9167,FrScA,S216,02,4,3,3,0.9879518072289156,NA,NA
96769,FrScA-S216-02,M,Course Unavailable at Local School,Approved/Enrolled,59.59367946,510.8667,FrScA,S216,02,4.8,5,4.5,0.5993975903614458,NA,NA
96841,FrScA-S216-02,M,Course Unavailable at Local School,Approved/Enrolled,92.55079007,1670.95,FrScA,S216,02,5,3,3.5,0.9879518072289156,NA,NA
51943,FrScA-S216-03,M,Learning Preference of the Student,Withdrawn,NA,3.4501,FrScA,S216,03,3.8,3.6666666666666665,3.5,0.11746987951807229,NA,NA
85348,FrScA-S216-03,F,Course Unavailable at Local School,Approved/Enrolled,76.29464286,608.2501,FrScA,S216,03,4.4,3,4,0.8561746987951807,NA,NA
94369,FrScA-S216-03,F,Course Unavailable at Local School,Approved/Enrolled,66.03794643,1753.5833,FrScA,S216,03,4,3.3333333333333335,3.5,0.7762048192771084,NA,NA
85867,FrScA-S216-04,F,Course Unavailable at Local School,Approved/Enrolled,86.20767494,1283.4669,FrScA,S216,04,5,3.6666666666666665,4,0.8914457831325301,NA,NA
86002,FrScA-S216-04,F,Other,Approved/Enrolled,91.50564334,501.1839,FrScA,S216,04,4.4,4,3.5,0.9295481927710844,NA,NA
88311,FrScA-S216-04,M,Course Unavailable at Local School,Approved/Enrolled,92.60722348,1660.9829,FrScA,S216,04,5,3,4,0.9759036144578314,NA,NA
96048,FrScA-S216-04,M,Learning Preference of the Student,Approved/Enrolled,70.85327314,1665.1665,FrScA,S216,04,4,2,3.5,0.920933734939759,NA,NA
64930,FrScA-T116-01,F,Course Unavailable at Local School,Approved/Enrolled,83.23287671,3424.5662,FrScA,T116,01,5,3.3333333333333335,3,0.9275602409638554,NA,NA
72287,FrScA-T116-01,F,Learning Preference of the Student,Approved/Enrolled,90.86757991,3946.5666,FrScA,T116,01,4.4,3.3333333333333335,4,0.9378012048192772,NA,NA
87866,FrScA-T116-01,F,Course Unavailable at Local School,Approved/Enrolled,94.50456621,1988.8836,FrScA,T116,01,3.8,3.3333333333333335,3.5,0.9595180722891566,NA,NA
44638,OcnA-S116-01,M,Course Unavailable at Local School,Approved/Enrolled,81.70184255,1382.7001,OcnA,S116,01,4,3,3,0.8971,3,95
54066,OcnA-S116-01,F,Other,Approved/Enrolled,93.90452261,2625.5164,OcnA,S116,01,4.6,4.666666666666667,4,0.9779333333333333,9,438
54346,OcnA-S116-01,F,Course Unavailable at Local School,Approved/Enrolled,51.0921273,1191.3836,OcnA,S116,01,4.4,2,3,0.5794666666666667,1,197
57981,OcnA-S116-01,F,Learning Preference of the Student,Approved/Enrolled,66.69011725,3343.3333,OcnA,S116,01,4.2,3.3333333333333335,2.5,0.8823666666666666,9,829
58178,OcnA-S116-01,M,Course Unavailable at Local School,Approved/Enrolled,92.68174204,3502.0004,OcnA,S116,01,4,4,4.5,0.9533333333333334,8,458
66740,OcnA-S116-01,F,Course Unavailable at Local School,Approved/Enrolled,99.32998325,965.2994,OcnA,S116,01,4,3,3,0.99,11,824
67920,OcnA-S116-01,M,Course Unavailable at Local School,Approved/Enrolled,90.70351759,4094.9995,OcnA,S116,01,4.8,4.333333333333333,4.5,0.9733333333333334,10,616
86460,OcnA-S116-01,F,Other,Approved/Enrolled,88.72026801,1891.1999,OcnA,S116,01,4.2,3.6666666666666665,3.5,0.9238333333333333,6,387
86758,OcnA-S116-01,F,Course Unavailable at Local School,Approved/Enrolled,94.61474037,3742.8836,OcnA,S116,01,4.6,3,3.5,0.9608333333333333,7,390
86943,OcnA-S116-01,M,Scheduling Conflict,Approved/Enrolled,73.07872697,1377.5666,OcnA,S116,01,4.4,3.6666666666666665,4,0.6287666666666667,8,495
87970,OcnA-S116-01,F,Course Unavailable at Local School,Approved/Enrolled,86.69514238,3123.3502,OcnA,S116,01,4.2,5,3,0.8908333333333334,12,369
88440,OcnA-S116-01,M,Learning Preference of the Student,Approved/Enrolled,81.06532663,2600.1334,OcnA,S116,01,4.6,4,3.5,0.8733333333333333,5,344
89114,OcnA-S116-01,F,Learning Preference of the Student,Approved/Enrolled,95.00837521,1092.3662,OcnA,S116,01,4,3.6666666666666665,3,0.9488333333333333,10,383
89435,OcnA-S116-01,F,Course Unavailable at Local School,Approved/Enrolled,93.83249581,6348.4492,OcnA,S116,01,5,3.6666666666666665,4.5,0.9833333333333333,13,888
89487,OcnA-S116-01,F,Course Unavailable at Local School,Approved/Enrolled,81.89782245,2151.1498,OcnA,S116,01,5,4,4.5,0.9370999999999999,9,462
90562,OcnA-S116-01,M,Course Unavailable at Local School,Approved/Enrolled,77.5561139,1389.3161,OcnA,S116,01,NA,3.3333333333333335,4.5,0.8983333333333333,5,92
90861,OcnA-S116-01,M,Course Unavailable at Local School,Approved/Enrolled,89.12897822,2454.3332,OcnA,S116,01,4.2,4,3,0.8948333333333333,6,524
91635,OcnA-S116-01,F,Course Unavailable at Local School,Approved/Enrolled,73.48743719,3797.3334,OcnA,S116,01,3,3,3,0.81466666666666665,5,448
91818,OcnA-S116-01,M,Other,Approved/Enrolled,96.46231156,1651.5005,OcnA,S116,01,4,3.6666666666666665,3.5,0.97,9,550
54282,OcnA-S116-02,F,Course Unavailable at Local School,Approved/Enrolled,93.40033501,2025.1672,OcnA,S116,02,3.4,2,3.5,0.9608333333333333,6,238
54342,OcnA-S116-02,F,Learning Preference of the Student,Approved/Enrolled,64.78224456,1581.0831,OcnA,S116,02,4,3,3.5,0.8573333333333333,2,96
68476,OcnA-S116-02,F,Course Unavailable at Local School,Approved/Enrolled,94.57956449,969.4666,OcnA,S116,02,4,3.6666666666666665,4,0.9687666666666667,4,178
85410,OcnA-S116-02,F,Course Unavailable at Local School,Approved/Enrolled,93.9279732,6771.9673,OcnA,S116,02,5,5,5,0.945,8,444
85487,OcnA-S116-02,F,Course Unavailable at Local School,Dropped,NA,0.5833,OcnA,S116,02,3.4,4.333333333333333,3,0,NA,NA
86133,OcnA-S116-02,M,Course Unavailable at Local School,Approved/Enrolled,79.11222781,1581.7665,OcnA,S116,02,4.4,4,3.5,0.8602666666666666,8,453
86689,OcnA-S116-02,M,Course Unavailable at Local School,Approved/Enrolled,60.40201005,2457.1828,OcnA,S116,02,5,4,3,0.9633333333333334,10,666
87001,OcnA-S116-02,M,Course Unavailable at Local School,Approved/Enrolled,68.25795645,1202.6335,OcnA,S116,02,4.2,3.6666666666666665,4.5,0.9125,7,259
87122,OcnA-S116-02,F,Course Unavailable at Local School,Approved/Enrolled,8.040201005,546.4335,OcnA,S116,02,5,5,4,0.2866666666666667,5,364
87209,OcnA-S116-02,F,Learning Preference of the Student,Approved/Enrolled,80.83752094,3755.1506,OcnA,S116,02,3.8,3.3333333333333335,3.5,0.9241666666666667,5,279
88166,OcnA-S116-02,F,Scheduling Conflict,Approved/Enrolled,84.92127303,2137.7164,OcnA,S116,02,5,3,3,0.8644333333333333,7,379
88168,OcnA-S116-02,F,Scheduling Conflict,Approved/Enrolled,95.96314908,2885.7832,OcnA,S116,02,4.8,3.6666666666666665,3.5,0.96,9,488
90090,OcnA-S116-02,F,Other,Approved/Enrolled,96.29815745,1430.217,OcnA,S116,02,5,4,3.5,0.975,7,338
92021,OcnA-S116-02,F,Course Unavailable at Local School,Approved/Enrolled,86.76716918,758.3668,OcnA,S116,02,5,4.666666666666667,4.5,0.8925,8,331
88307,OcnA-S116-03,M,Course Unavailable at Local School,Approved/Enrolled,54.5352381,1811.9338,OcnA,S116,03,4.4,3,3,0.6307826086956523,3,173
47979,OcnA-S216-01,M,Course Unavailable at Local School,Approved/Enrolled,81.85259631,1598.6166,OcnA,S216,01,4,3.6666666666666665,2.5,0.807639344262295,NA,NA
62175,OcnA-S216-01,F,Learning Preference of the Student,Approved/Enrolled,73.77386935,1403.6834,OcnA,S216,01,3.2,2,2.5,0.7315737704918033,NA,NA
68022,OcnA-S216-01,F,Course Unavailable at Local School,Approved/Enrolled,90.95979899,39.7504,OcnA,S216,01,4.8,4,3.5,0.9245901639344263,NA,NA
76443,OcnA-S216-01,F,Course Unavailable at Local School,Withdrawn,NA,100.3334,OcnA,S216,01,3.6,4,2.5,0.7469180327868853,NA,NA
80822,OcnA-S216-01,M,Learning Preference of the Student,Approved/Enrolled,90.94639866,4538.4835,OcnA,S216,01,5,5,5,0.910655737704918,NA,NA
84932,OcnA-S216-01,F,Course Unavailable at Local School,Approved/Enrolled,88.30318258,2573.4502,OcnA,S216,01,5,4.666666666666667,4.5,0.8894426229508198,NA,NA
86240,OcnA-S216-01,M,Course Unavailable at Local School,Approved/Enrolled,71.80904523,1800.2174,OcnA,S216,01,4,3.6666666666666665,3.5,0.769016393442623,NA,NA
86296,OcnA-S216-01,F,Course Unavailable at Local School,Approved/Enrolled,73.1038526,403.8,OcnA,S216,01,3.6,3,3,0.6827868852459016,NA,NA
86527,OcnA-S216-01,F,Course Unavailable at Local School,Approved/Enrolled,82.71524288,2211.5331,OcnA,S216,01,4.4,4,3,0.8061639344262295,NA,NA
87670,OcnA-S216-01,F,Course Unavailable at Local School,Approved/Enrolled,76.20435511,1995.5832,OcnA,S216,01,4.8,5,5,0.7432131147540983,NA,NA
87825,OcnA-S216-01,M,Course Unavailable at Local School,Approved/Enrolled,93.47738693,330.7998,OcnA,S216,01,4.6,3.6666666666666665,4.5,0.9376393442622951,NA,NA
88474,OcnA-S216-01,F,Other,Approved/Enrolled,56.9681742,4112.7673,OcnA,S216,01,4.2,3,3,0.6855737704918032,NA,NA
88504,OcnA-S216-01,F,Course Unavailable at Local School,Dropped,NA,68.6333,OcnA,S216,01,3.8,3,4,0.11147540983606558,NA,NA
88849,OcnA-S216-01,M,Scheduling Conflict,Approved/Enrolled,90.76884422,4799.483,OcnA,S216,01,4.2,4,3,0.878327868852459,NA,NA
90996,OcnA-S216-01,M,Course Unavailable at Local School,Approved/Enrolled,1.800670017,44.7332,OcnA,S216,01,3.8,3.3333333333333335,4,0.07049180327868852,NA,NA
94319,OcnA-S216-01,F,Course Unavailable at Local School,Approved/Enrolled,56.99497487,1588.55,OcnA,S216,01,5,5,5,0.6932131147540984,NA,NA
94323,OcnA-S216-01,F,Course Unavailable at Local School,Approved/Enrolled,93.96984925,4214.7332,OcnA,S216,01,4.4,3.6666666666666665,4,0.9467213114754098,NA,NA
94590,OcnA-S216-01,M,Course Unavailable at Local School,Approved/Enrolled,75.99497487,1428.0167,OcnA,S216,01,3,2,3,0.8319344262295081,NA,NA
94630,OcnA-S216-01,F,Course Unavailable at Local School,Approved/Enrolled,3.433835846,245.2834,OcnA,S216,01,4,4.666666666666667,2.5,0.13442622950819672,NA,NA
94654,OcnA-S216-01,M,Course Unavailable at Local School,Approved/Enrolled,81.50753769,3140.7669,OcnA,S216,01,4.4,3,3.5,0.8215409836065574,NA,NA
94717,OcnA-S216-01,M,Course Unavailable at Local School,Approved/Enrolled,66.73366834,821.9161,OcnA,S216,01,4.6,3,2,0.7483606557377049,NA,NA
94744,OcnA-S216-01,M,Course Unavailable at Local School,Approved/Enrolled,96.79731993,8870.8833,OcnA,S216,01,3.6,3,3,0.9868852459016394,NA,NA
94956,OcnA-S216-01,F,Course Unavailable at Local School,Approved/Enrolled,55.77554439,1242.6,OcnA,S216,01,4.8,3.6666666666666665,4,0.7559999999999999,NA,NA
95091,OcnA-S216-01,M,Course Unavailable at Local School,Approved/Enrolled,61.04187605,3475.8,OcnA,S216,01,5,4.666666666666667,4.5,0.5754426229508196,NA,NA
95504,OcnA-S216-01,F,Other,Approved/Enrolled,42.41541039,451.8001,OcnA,S216,01,5,5,4.5,0.6028524590163935,NA,NA
95533,OcnA-S216-01,M,Course Unavailable at Local School,Approved/Enrolled,22.97319933,1591.2504,OcnA,S216,01,3.2,2.3333333333333335,NA,0.4891803278688524,NA,NA
95725,OcnA-S216-01,M,Course Unavailable at Local School,Approved/Enrolled,68.44053601,1886.3334,OcnA,S216,01,3.4,3.3333333333333335,2.5,0.7463606557377048,NA,NA
95738,OcnA-S216-01,F,Course Unavailable at Local School,Dropped,NA,163.6832,OcnA,S216,01,4.8,4.666666666666667,4.5,0.03934426229508197,NA,NA
95770,OcnA-S216-01,F,Course Unavailable at Local School,Approved/Enrolled,91.968174200000007,3003.6162,OcnA,S216,01,3.6,3,2.5,0.9485245901639344,NA,NA
96121,OcnA-S216-01,F,Course Unavailable at Local School,Approved/Enrolled,81.28643216,1320.5499,OcnA,S216,01,4.2,3.6666666666666665,3.5,0.8061639344262295,NA,NA
96345,OcnA-S216-01,F,Scheduling Conflict,Approved/Enrolled,63.14572864,1540.1833,OcnA,S216,01,4.4,4,4.5,0.7157704918032787,NA,NA
96373,OcnA-S216-01,F,Course Unavailable at Local School,Approved/Enrolled,80.27303183,2449.6827,OcnA,S216,01,2.2,1,3.5,0.660655737704918,NA,NA
96374,OcnA-S216-01,F,Course Unavailable at Local School,Approved/Enrolled,77.15242881,2626.9001,OcnA,S216,01,4,3.6666666666666665,3.5,0.7313114754098361,NA,NA
96671,OcnA-S216-01,M,Course Unavailable at Local School,Approved/Enrolled,32.7001675,1734.6833,OcnA,S216,01,4.4,3,4,0.6348852459016393,NA,NA
96689,OcnA-S216-01,F,Course Unavailable at Local School,Approved/Enrolled,82.668341710000007,1858.3502,OcnA,S216,01,4.4,3,4,0.8389508196721311,NA,NA
96756,OcnA-S216-01,F,Course Unavailable at Local School,Approved/Enrolled,91.13902848,3967.3171,OcnA,S216,01,3.8,3.6666666666666665,3,0.930327868852459,NA,NA
96856,OcnA-S216-01,F,Course Unavailable at Local School,Approved/Enrolled,13.02847571,529.2335,OcnA,S216,01,4,3.3333333333333335,2.5,0.5100327868852459,NA,NA
97006,OcnA-S216-01,F,Scheduling Conflict,Approved/Enrolled,68.15075377,2399.5166,OcnA,S216,01,2.8,2.3333333333333335,3.5,0.7240327868852459,NA,NA
97272,OcnA-S216-01,F,Other,Approved/Enrolled,84.23953247,1638.45,OcnA,S216,01,4,4,3.5,0.8594426229508196,NA,NA
54567,OcnA-S216-02,M,Course Unavailable at Local School,Approved/Enrolled,65.84254606,1180.2664,OcnA,S216,02,4,3.6666666666666665,3.5,0.6529666666666667,NA,NA
78002,OcnA-S216-02,F,Other,Approved/Enrolled,63.98324958,1290.4502,OcnA,S216,02,3.8,4,3,0.9596,NA,NA
78241,OcnA-S216-02,F,Course Unavailable at Local School,Approved/Enrolled,57.24958124,26.9168,OcnA,S216,02,4.6,3.6666666666666665,3.5,0.7118666666666666,NA,NA
86697,OcnA-S216-02,F,Other,Approved/Enrolled,90.07705193,1133.4667,OcnA,S216,02,4.6,4,4,0.8337,NA,NA
88642,OcnA-S216-02,F,Course Unavailable at Local School,Approved/Enrolled,83.58458961,1980.6001,OcnA,S216,02,3.8,2.6666666666666665,3,0.9437666666666666,NA,NA
88803,OcnA-S216-02,M,Credit Recovery,Approved/Enrolled,65.03685092,2015.5833,OcnA,S216,02,3.6,2.6666666666666665,3,0.8378666666666666,NA,NA
88864,OcnA-S216-02,F,Learning Preference of the Student,Approved/Enrolled,69.8040201,2231.3667,OcnA,S216,02,4.2,3.3333333333333335,3,0.7683,NA,NA
91163,OcnA-S216-02,F,Course Unavailable at Local School,Approved/Enrolled,97.37018425,6243.9003,OcnA,S216,02,3.6,3.6666666666666665,3,0.9528333333333334,NA,NA
91252,OcnA-S216-02,M,Course Unavailable at Local School,Approved/Enrolled,70.21775544,1479.8998,OcnA,S216,02,4.8,4,4.5,0.729,NA,NA
94240,OcnA-S216-02,F,Course Unavailable at Local School,Approved/Enrolled,87.09380235,2276.3169,OcnA,S216,02,5,4.333333333333333,4.5,0.9426666666666667,NA,NA
94327,OcnA-S216-02,M,Course Unavailable at Local School,Approved/Enrolled,15.90954774,580.3167,OcnA,S216,02,3.2,2,3,0.5028666666666667,NA,NA
94556,OcnA-S216-02,F,Course Unavailable at Local School,Approved/Enrolled,83.24288107,2287.2334,OcnA,S216,02,3,2.6666666666666665,3,0.8456,NA,NA
94577,OcnA-S216-02,M,Course Unavailable at Local School,Approved/Enrolled,84.79564489,1697.5829,OcnA,S216,02,4.2,3.6666666666666665,3.5,0.9189999999999999,NA,NA
94876,OcnA-S216-02,F,Course Unavailable at Local School,Approved/Enrolled,2.931323283,57.6666,OcnA,S216,02,4,4,3,0.11666666666666667,NA,NA
95368,OcnA-S216-02,M,Course Unavailable at Local School,Approved/Enrolled,92.28978224,3368.0167,OcnA,S216,02,5,4.333333333333333,4.5,0.9108999999999999,NA,NA
95375,OcnA-S216-02,F,Learning Preference of the Student,Approved/Enrolled,93.43048576,224.7166,OcnA,S216,02,4.6,3.6666666666666665,4,0.9633333333333334,NA,NA
95624,OcnA-S216-02,F,Course Unavailable at Local School,Approved/Enrolled,87.12730318,2111.0837,OcnA,S216,02,4,3,3.5,0.8984333333333332,NA,NA
95868,OcnA-S216-02,F,Other,Approved/Enrolled,39.41038526,1929.4,OcnA,S216,02,4,3.6666666666666665,3,0.7406333333333334,NA,NA
95921,OcnA-S216-02,M,Course Unavailable at Local School,Approved/Enrolled,80.97822446,960.2998,OcnA,S216,02,4.6,4,4,0.8531666666666666,NA,NA
79893,OcnA-T116-01,F,Learning Preference of the Student,Approved/Enrolled,94.46566164,1856.6669,OcnA,T116,01,4,4,3.5,0.9554333333333334,NA,NA
84645,OcnA-T116-01,F,Scheduling Conflict,Approved/Enrolled,22.680067,48.0332,OcnA,T116,01,3.8,4,3,0.27466666666666667,NA,NA
84684,OcnA-T116-01,F,Course Unavailable at Local School,Approved/Enrolled,90.80569514,3095.2494,OcnA,T116,01,5,4.333333333333333,4.5,0.9491666666666667,NA,NA
84685,OcnA-T116-01,F,Course Unavailable at Local School,Approved/Enrolled,82.0318258,3073.6162,OcnA,T116,01,4.6,3.6666666666666665,4,0.8491666666666666,NA,NA
87955,OcnA-T116-01,F,Course Unavailable at Local School,Approved/Enrolled,83.44723618,2420.5994,OcnA,T116,01,5,3.6666666666666665,4,0.8484333333333334,NA,NA
88282,OcnA-T116-01,F,Course Unavailable at Local School,Approved/Enrolled,92.12060302,2373.7169,OcnA,T116,01,2.8,2,3,0.9420666666666667,NA,NA
88340,OcnA-T116-01,F,Course Unavailable at Local School,Approved/Enrolled,68.93802345,444.5,OcnA,T116,01,3.8,3,3,0.7676333333333333,NA,NA
88703,OcnA-T116-01,F,Learning Preference of the Student,Approved/Enrolled,35.74539363,1233.3832,OcnA,T116,01,4.4,3,3,0.49076666666666663,NA,NA
48797,PhysA-S116-01,M,Learning Preference of the Student,Approved/Enrolled,84,1481.8,PhysA,S116,01,3.8,3.6666666666666665,3.5,0.9485882352941176,7,298
52446,PhysA-S116-01,F,Learning Preference of the Student,Approved/Enrolled,97.77777778,1390.2167,PhysA,S116,01,4.2,3.6666666666666665,3,1,9,522
54434,PhysA-S116-01,F,Learning Preference of the Student,Approved/Enrolled,93.0625,1231.8666,PhysA,S116,01,5,5,4,0.9118235294117647,10,550
55140,PhysA-S116-01,M,Course Unavailable at Local School,Approved/Enrolled,73.78472222,2083.3167,PhysA,S116,01,5,4,4.5,0.7881764705882354,5,223
57489,PhysA-S116-01,M,Course Unavailable at Local School,Approved/Enrolled,94.79166667,1863.5169,PhysA,S116,01,4.6,3.6666666666666665,4.5,0.9905882352941177,9,491
62576,PhysA-S116-01,M,Course Unavailable at Local School,Approved/Enrolled,94.44444444,793.95,PhysA,S116,01,4,4.333333333333333,4,0.951764705882353,9,515
62752,PhysA-S116-01,M,Course Unavailable at Local School,Approved/Enrolled,93.77777778,898.2998,PhysA,S116,01,4.2,4.333333333333333,4,0.9475294117647058,12,493
62754,PhysA-S116-01,M,Course Unavailable at Local School,Approved/Enrolled,96.34027778,674.3167,PhysA,S116,01,4,4,4,0.9529411764705882,9,361
74551,PhysA-S116-01,F,Learning Preference of the Student,Approved/Enrolled,71.67083333,1014.5665,PhysA,S116,01,3.8,3.3333333333333335,3.5,0.7412117647058823,7,259
76133,PhysA-S116-01,F,Other,Approved/Enrolled,93.61805556,1276.5167,PhysA,S116,01,3.2,3,2.5,0.934235294117647,10,788
76426,PhysA-S116-01,F,Learning Preference of the Student,Approved/Enrolled,95.41666667,850.7329,PhysA,S116,01,4.6,4.333333333333333,4.5,0.9835294117647059,9,388
79352,PhysA-S116-01,M,Other,Approved/Enrolled,95.48611111,1062.8665,PhysA,S116,01,3.8,4,3.5,0.9823529411764705,9,538
79596,PhysA-S116-01,F,Other,Approved/Enrolled,90.97222222,1546.4166,PhysA,S116,01,3,4,3.5,0.9505882352941176,9,437
85390,PhysA-S116-01,F,Learning Preference of the Student,Approved/Enrolled,3.055555556,0.7,PhysA,S116,01,3.6,4.333333333333333,3.5,0.07764705882352942,2,187
85522,PhysA-S116-01,F,Other,Approved/Enrolled,98.05555556,968.3333,PhysA,S116,01,3.4,3.6666666666666665,3,0.9929411764705882,9,483
85953,PhysA-S116-01,M,Other,Approved/Enrolled,95.13888889,3255.3003,PhysA,S116,01,4.2,4.333333333333333,5,0.9929411764705882,9,456
85962,PhysA-S116-01,F,Learning Preference of the Student,Approved/Enrolled,85.93055556,1349.9664,PhysA,S116,01,3.8,3,2,0.920470588235294,7,489
86353,PhysA-S116-01,M,Learning Preference of the Student,Approved/Enrolled,85.73611111,328.5168,PhysA,S116,01,4.8,5,3,0.8818823529411765,9,449
87171,PhysA-S116-01,F,Course Unavailable at Local School,Approved/Enrolled,97.5,768.6994,PhysA,S116,01,5,4.666666666666667,4,0.9835294117647059,9,581
88091,PhysA-S116-01,M,Learning Preference of the Student,Approved/Enrolled,97.72222222,262.5502,PhysA,S116,01,4.2,4,3.5,0.9701176470588235,11,435
88381,PhysA-S116-01,M,Learning Preference of the Student,Approved/Enrolled,96.80555556,1120.367,PhysA,S116,01,3.6,3.3333333333333335,3,1,9,341
88481,PhysA-S116-01,F,Scheduling Conflict,Approved/Enrolled,26.80555556,642.0504,PhysA,S116,01,4.8,4.666666666666667,4,0.5988235294117648,9,641
89295,PhysA-S116-01,F,Learning Preference of the Student,Approved/Enrolled,68.05555556,532.7998,PhysA,S116,01,4.4,4,4.5,0.8694117647058823,6,325
89395,PhysA-S116-01,M,Course Unavailable at Local School,Approved/Enrolled,76.875,2432.7831,PhysA,S116,01,5,4.333333333333333,3.5,0.9482352941176471,13,641
89425,PhysA-S116-01,M,Course Unavailable at Local School,Approved/Enrolled,92.375,2173.1333,PhysA,S116,01,3.4,4,3.5,0.9036470588235295,11,574
89490,PhysA-S116-01,F,Course Unavailable at Local School,Approved/Enrolled,71.59722222,2046.9998,PhysA,S116,01,3,3,2,0.8188235294117647,10,418
90326,PhysA-S116-01,M,Learning Preference of the Student,Approved/Enrolled,77.43055556,509.5167,PhysA,S116,01,5,4.666666666666667,5,0.9035294117647059,9,547
90333,PhysA-S116-01,M,Other,Approved/Enrolled,70.73611111,231.7502,PhysA,S116,01,4.6,4,5,0.7171764705882353,10,535
91030,PhysA-S116-01,M,Course Unavailable at Local School,Approved/Enrolled,92.70833333,1302.8501,PhysA,S116,01,3.8,4,4.5,0.9011764705882352,9,435
91038,PhysA-S116-01,M,Learning Preference of the Student,Approved/Enrolled,76.13888889,1639.4498,PhysA,S116,01,3.2,3.3333333333333335,2,0.8443529411764706,6,261
91633,PhysA-S116-01,M,Learning Preference of the Student,Approved/Enrolled,81.52777778,1510.7002,PhysA,S116,01,4.8,4.333333333333333,4,0.9423529411764706,6,279
91821,PhysA-S116-01,M,Other,Approved/Enrolled,93.95833333,377.7002,PhysA,S116,01,4,4,4,0.9694117647058823,6,309
92511,PhysA-S116-01,M,Learning Preference of the Student,Approved/Enrolled,67.49305556,125.0666,PhysA,S116,01,2.6,3.6666666666666665,3,0.7916470588235294,7,467
92724,PhysA-S116-01,M,Other,Approved/Enrolled,93.88888889,2700.6668,PhysA,S116,01,4.2,4,4,0.9341176470588235,9,510
92725,PhysA-S116-01,M,Other,Approved/Enrolled,96.59722222,2058.4167,PhysA,S116,01,4,3.3333333333333335,3.5,0.9541176470588235,7,406
92726,PhysA-S116-01,M,Other,Approved/Enrolled,98.19444444,1901.9166,PhysA,S116,01,2.4,3.6666666666666665,2.5,0.9823529411764705,10,443
92727,PhysA-S116-01,M,Other,Approved/Enrolled,98.05555556,898,PhysA,S116,01,4,4,4.5,0.9788235294117648,10,780
92729,PhysA-S116-01,M,Other,Approved/Enrolled,94.23611111,1691.5998,PhysA,S116,01,3.8,4,2.5,0.9482352941176471,9,465
92732,PhysA-S116-01,M,Other,Approved/Enrolled,92.91666667,2199.3,PhysA,S116,01,3.6,3.3333333333333335,3,0.9235294117647059,6,248
92733,PhysA-S116-01,F,Other,Approved/Enrolled,94.16666667,1020.5828,PhysA,S116,01,4.2,3.6666666666666665,3,0.971764705882353,10,659
92740,PhysA-S116-01,M,Other,Approved/Enrolled,98.61111111,1272.7001,PhysA,S116,01,3.8,3.6666666666666665,3.5,0.9788235294117648,9,486
92741,PhysA-S116-01,F,Other,Approved/Enrolled,98.19444444,5373.3502,PhysA,S116,01,4,4,4.5,0.9764705882352941,11,700
92743,PhysA-S116-01,M,Other,Approved/Enrolled,92.84722222,1711.0164,PhysA,S116,01,4.4,3.6666666666666665,3.5,0.9223529411764706,10,587
67102,PhysA-S216-01,M,Scheduling Conflict,Approved/Enrolled,89.86111111,719.2833,PhysA,S216,01,3.8,3.6666666666666665,5,0.9341176470588235,NA,NA
70187,PhysA-S216-01,F,Scheduling Conflict,Approved/Enrolled,78.125,719.1165,PhysA,S216,01,4.4,4,4.5,0.9482352941176471,NA,NA
78153,PhysA-S216-01,F,Learning Preference of the Student,Approved/Enrolled,99.02777778,1769.8667,PhysA,S216,01,4.2,4.666666666666667,4.5,1,NA,NA
94189,PhysA-S216-01,F,Learning Preference of the Student,Approved/Enrolled,90.44444444,2321.7998,PhysA,S216,01,3.2,3.3333333333333335,3,0.9424705882352942,NA,NA
94251,PhysA-S216-01,F,Scheduling Conflict,Approved/Enrolled,96.94444444,4552.0833,PhysA,S216,01,4,3,3,0.9764705882352941,NA,NA
94970,PhysA-S216-01,F,Scheduling Conflict,Approved/Enrolled,95.41666667,2415.2493,PhysA,S216,01,4,3.6666666666666665,3.5,0.9541176470588235,NA,NA
95266,PhysA-S216-01,F,Course Unavailable at Local School,Approved/Enrolled,90.55555556,609.7999,PhysA,S216,01,4,4.666666666666667,3.5,0.9470588235294117,NA,NA
95578,PhysA-S216-01,F,Other,Approved/Enrolled,90.55555556,2201.5503,PhysA,S216,01,3.6,4.666666666666667,2.5,0.9329411764705883,NA,NA
96027,PhysA-S216-01,M,Other,Approved/Enrolled,74.47916667,2363.2667,PhysA,S216,01,3.8,4.333333333333333,3.5,0.8820588235294118,NA,NA
96090,PhysA-S216-01,M,Learning Preference of the Student,Approved/Enrolled,11.02777778,112.5167,PhysA,S216,01,3.2,3.3333333333333335,2.5,0.26611764705882357,NA,NA
96472,PhysA-S216-01,M,Other,Approved/Enrolled,62.20833333,377.3498,PhysA,S216,01,4.2,3.6666666666666665,2.5,0.8490588235294116,NA,NA
96590,PhysA-S216-01,M,Other,Approved/Enrolled,15.41666667,262.1667,PhysA,S216,01,2.2,2,2,0.36823529411764705,NA,NA
96808,PhysA-S216-01,F,Scheduling Conflict,Approved/Enrolled,93.75,2446.3169,PhysA,S216,01,NA,3.3333333333333335,3,0.9247058823529412,NA,NA
96867,PhysA-S216-01,M,Scheduling Conflict,Approved/Enrolled,90.625,1841.7836,PhysA,S216,01,3.6,3.6666666666666665,3.5,0.9035294117647059,NA,NA
97150,PhysA-S216-01,F,Course Unavailable at Local School,Approved/Enrolled,62.54861111,759.3335,PhysA,S216,01,4,3.3333333333333335,2,0.6972941176470588,NA,NA
97265,PhysA-S216-01,M,Course Unavailable at Local School,Approved/Enrolled,84.56944444,817.4501,PhysA,S216,01,5,5,5,0.9268235294117646,NA,NA
84632,PhysA-T116-01,F,Scheduling Conflict,Approved/Enrolled,97.63888889,1289.1006,PhysA,T116,01,4.4,4,3.5,0.9858823529411764,NA,NA
