Coder,ID,Code,Notes,Flag
JWR,1,TS,,
JWR,2,TS,,
JWR,3,TS,,
JWR,4,TS,,
JWR,5,TS,,
JWR,6,TS,,
JWR,7,TS,,
JWR,8,TS,,
JWR,9,TS,,
JWR,10,TS,,
JWR,11,TS,,
JWR,12,TS,,
JWR,13,TS,,
JWR,14,TS,,
JWR,15,TS,,
JWR,16,TS,,
JWR,17,TS,,
JWR,18,TS,,
JWR,19,TS,,
JWR,20,TS,,
JWR,21,TS,,
JWR,22,TS,,
JWR,23,TS,,
JWR,24,TS,,
JWR,25,TS,,
JWR,26,TS,,
JWR,27,TS,,
JWR,28,TS,,
JWR,29,TS,,
JWR,30,TS,,
JWR,31,SB,,
JWR,32,SB,,
JWR,33,SB,,
JWR,34,SB,,
JWR,35,SB,,
JWR,36,SB,,
JWR,37,SB,,
JWR,38,SB,,
JWR,39,SB,,
JWR,40,SB,,
JWR,41,SB,,
JWR,42,TS,,
JWR,43,SB,,
JWR,44,SB,,
JWR,45,SB,,
JWR,46,SB,,
JWR,47,SB,,
JWR,48,SB,,
JWR,49,SB,,
JWR,50,SB,,
JWR,51,SB,,
JWR,52,SB,,
JWR,53,SB,,
JWR,54,SB,,
JWR,55,SB,,
JWR,56,SB,,
JWR,57,SB,,
JWR,58,SB,,
JWR,59,SB,,
JWR,60,SB,,
JWR,61,SB,,
JWR,62,SB,,
JWR,63,SB,,
JWR,64,SB,,
JWR,65,SB,,
JWR,66,SB,,
JWR,67,SB,,
JWR,68,SB,,
JWR,69,TS,,
JWR,70,SB,,
JWR,71,SB,,
JWR,72,SB,,
JWR,73,SB,,
JWR,74,SB,,
JWR,75,SB,,
JWR,76,SB,,
JWR,77,SB,,
JWR,78,SB,,
JWR,79,SB,,
JWR,80,SB,,
JWR,81,SB,,
JWR,82,SB,,
JWR,83,SB,,
JWR,84,SB,,
JWR,85,SB,,
JWR,86,TF,,
JWR,87,SB,,
JWR,88,SB,,
JWR,89,SB,,
JWR,90,SB,,
JWR,91,SB,,
JWR,92,SB,,
JWR,93,SB,,
JWR,94,SB,,
JWR,95,SB,,
JWR,96,SB,,
JWR,97,SB,,
JWR,98,SB,,
JWR,99,SB,,
JMR,100,SB,,
JMR,101,SB,,
JMR,102,SB,,
JMR,103,SB,,
JMR,104,SB,,
JMR,105,SB,,
JMR,106,TS,,
JMR,107,TS,NSTA chiming in,
JMR,108,TS,,
JMR,109,TS,,
JMR,110,SB,,
JMR,111,SB,,
JMR,112,SB,,
JMR,113,SB,,
JMR,114,SB,,
JMR,115,SB,,
JMR,116,SB,,
JMR,117,TS,referencing other chat,
JMR,118,TS,,
JMR,119,TS,having math background helps,
JMR,120,SB,,
JMR,121,SB,,
JMR,122,TS,,
JMR,123,TS,,
JMR,124,TS,,
JMR,125,TS,,
JMR,126,TS,,
JMR,127,TS,,
JMR,128,TS,,
JMR,129,TS,,
JMR,130,TS,,
JMR,131,TS,,
JMR,132,TS,,
JMR,133,TS,,
JMR,134,TS,,
JMR,135,TS,,
JMR,136,TS,,
JMR,137,TS,,
JMR,138,TS,,
JMR,139,TS,,
JMR,140,TS,,
JMR,141,TS,,
JMR,142,TS,,
JMR,143,TS,,
JMR,144,TS,,
JMR,145,TS,,
JMR,146,TS,,
JMR,147,TS,,
JMR,148,TS,,
JMR,149,TS,,
JMR,150,TS,,
JMR,151,TS,,
JMR,152,TS,,
JMR,153,TS,,
JMR,154,TS,,
JMR,155,TS,,
JMR,156,TS,,
JMR,157,TS,,
JMR,158,TS,,
JMR,159,TS,,
JMR,160,TS,,
JMR,161,TS,,
JMR,162,TS,,
JMR,163,TS,,
JMR,164,TS,,
JMR,165,TS,,
JMR,166,TS,,
JMR,167,TS,,
JMR,168,TS,,
JMR,169,TS,,
JMR,170,TS,,
JMR,171,TS,,
JMR,172,TS,,
JMR,173,SB,,
JMR,174,SB,,
JMR,175,SB,,
JMR,176,SB,,
JMR,177,SB,,
JMR,178,TS,,
JMR,179,SB,,
JMR,180,SB,,
JMR,181,SB,,
JMR,182,SB,,
JMR,183,SB,,
JMR,184,TS,,
JMR,185,SB,,
JMR,186,SB,,
JMR,187,SB,,
JMR,188,TS,,
JMR,189,TS,,
JMR,190,SB,,
JMR,191,SB,,
JMR,192,SB,,
JMR,193,SB,,
JMR,194,SB,,
JMR,195,SB,,
JMR,196,TS,,
JMR,197,SB,,
JMR,198,SB,reference to earlier chat,1
JMR,199,SB,,
JMR,200,SB,,
Both,201,SB,,
Both,202,SB,,
Both,203,SB,,
Both,204,TS,,
Both,205,TS,,
Both,206,SB,,
Both,207,TS,,
Both,208,TS,,
Both,209,TS,,
Both,210,SB,,
Both,211,SB,,
Both,212,SB,,
Both,213,TS,,
Both,214,SB,,
Both,215,TS,,
Both,216,SB,,
Both,217,SB,,
Both,218,SB,,
Both,219,SB,,
Both,220,SB,,
Both,221,SB,,
Both,222,SB,,
Both,223,RT,,
Both,224,SB,,
Both,225,SB,,
Both,226,SB,,
Both,227,SB,,
Both,228,SB,,
Both,229,SB,,
Both,230,SB,,
Both,231,SB,,
Both,232,TS,,
Both,233,SB,,
Both,234,SB,,
Both,235,SB,,
Both,236,SB,,
Both,237,SB,,
Both,238,RT,,
Both,239,SB,,
Both,240,SB,,
Both,241,SB,,
Both,242,SB,,
Both,243,SB,,
Both,244,TS,,
Both,245,SB,,
Both,246,RT,,
Both,247,SB,,
Both,248,SB,,
Both,249,SB,,
Both,250,SB,,
Both,251,TS,,
Both,252,TS,,
Both,253,TS,,
Both,254,SB,,
Both,255,SB,,
Both,256,SB,,
Both,257,SB,,
Both,258,SB,,
Both,259,SB,,
Both,260,SB,,
Both,261,SB,,
Both,262,SB,,
Both,263,SB,,
Both,264,SB,,
Both,265,SB,,
Both,266,SB,,
Both,267,SB,,
Both,268,SB,,
Both,269,RT,,
Both,270,SB,,
Both,271,SB,,
Both,272,SB,,
Both,273,SB,,
Both,274,SB,,
Both,275,SB,,
Both,276,RT,,
Both,277,SB,,
Both,278,SB,,
Both,279,TS,,
Both,280,RT,,
Both,281,RT,,
Both,282,SB,,
Both,283,SB,,
Both,284,TS,,
Both,285,TS,,
Both,286,TS,,
Both,287,TS,,
Both,288,TS,,
Both,289,TS,,
Both,290,SB,,
Both,291,SB,,
Both,292,SB,,
Both,293,SB,,
Both,294,SB,,
Both,295,SB,,
Both,296,SB,,
Both,297,SB,,
Both,298,SB,,
Both,299,SB,,
JWR,300,SB,,
JWR,301,TS,,
JWR,302,SB,,
JWR,303,SB,,
JWR,304,SB,,
JWR,305,SB,,
JWR,306,SB,,
JWR,307,SB,,
JWR,308,SB,,
JWR,309,SB,,
JWR,310,SB,,
JWR,311,SB,,
JWR,312,SB,,
JWR,313,SB,,
JWR,314,SB,,
JWR,315,SB,,
JWR,316,SB,,
JWR,317,SB,,
JWR,318,SB,,
JWR,319,SB,,
JWR,320,TS,,
JWR,321,SB,,
JWR,322,SB,,
JWR,323,SB,,
JWR,324,SB,,
JWR,325,SB,,
JWR,326,SB,,
JWR,327,SB,,
JWR,328,SB,,
JWR,329,SB,,
JWR,330,SB,,
JWR,331,SB,,
JWR,332,SB,,
JWR,333,OT,,
JWR,334,SB,,
JWR,335,SB,,
JWR,336,SB,,
JWR,337,SB,,
JWR,338,SB,,
JWR,339,SB,,
JWR,340,SB,,
JWR,341,SB,,
JWR,342,SB,,
JWR,343,SB,,
JWR,344,SB,,
JWR,345,SB,,
JWR,346,SB,,
JWR,347,SB,,
JWR,348,SB,,
JWR,349,SB,,
JWR,350,SB,,
JWR,351,SB,,
JWR,352,SB,,
JWR,353,SB,,
JWR,354,SB,,
JWR,355,SB,,
JWR,356,SB,,
JWR,357,SB,,
JWR,358,SB,,
JWR,359,SB,,
JWR,360,TS,,
JWR,361,TS,,
JWR,362,TS,,
JWR,363,SB,,
JWR,364,TS,,
JWR,365,TS,,
JWR,366,OT,,
JWR,367,OT,,
JWR,368,TS,,
JWR,369,TS,,
JWR,370,TS,,
JWR,371,TS,,1
JWR,372,TS,,
JWR,373,SB,,
JWR,374,SB,,
JWR,375,SB,,
JWR,376,SB,,
JWR,377,SB,,
JWR,378,SB,,
JWR,379,SB,,
JWR,380,SB,,
JWR,381,SB,,
JWR,382,SB,,
JWR,383,SB,,
JWR,384,SB,,
JWR,385,SB,,
JWR,386,SB,,
JWR,387,SB,,
JWR,388,SB,,
JWR,389,SB,,
JWR,390,SB,,
JWR,391,SB,,
JWR,392,SB,,
JWR,393,SB,,
JWR,394,SB,,
JWR,395,SB,,
JWR,396,SB,,
JWR,397,SB,,
JWR,398,SB,,
JWR,399,SB,,
JWR,400,SB,,
JWR,401,SB,,
JWR,402,SB,,
JWR,403,TS,NOT SURE ABOUT THIS ONE...CLARIFYING OWN TWEET,
JWR,404,SB,,
JWR,405,SB,,
JWR,406,SB,,
JWR,407,SB,,
JWR,408,SB,,
JWR,409,SB,,
JWR,410,SB,,
JWR,411,SB,,
JWR,412,SB,,
JWR,413,SB,,
JWR,414,SB,,
JWR,415,SB,,
JWR,416,SB,,
JWR,417,TS,,
JWR,418,SB,,
JWR,419,SB,,
JWR,420,SB,,
JWR,421,SB,,
JWR,422,SB,,
JWR,423,SB,,
JWR,424,TS,,
JWR,425,SB,,
JWR,426,SB,,
JWR,427,TS,,
JWR,428,SB,,
JWR,429,SB,,
JWR,430,SB,,
JWR,431,SB,,
JWR,432,SB,,
JWR,433,SB,,
JWR,434,SB,,
JWR,435,SB,,
JWR,436,SB,,
JWR,437,SB,,
JWR,438,SB,,
JWR,439,SB,,
JWR,440,SB,,
JWR,441,SB,,
JWR,442,SB,,
JWR,443,SB,,
JWR,444,SB,,
JWR,445,SB,,
JWR,446,SB,,
JWR,447,SB,,
JWR,448,SB,,
JWR,449,SB,,
JWR,450,SB,,
JWR,451,SB,,
JWR,452,SB,,
JWR,453,SB,,
JWR,454,SB,,
JWR,455,SB,,
JWR,456,SB,,
JWR,457,TS,,
JWR,458,TS,,
JWR,459,TS,,
JWR,460,TS,TDISHELTON ACTUALLY CALLS #NGSSCHAT A PLN,1
JWR,461,OT,,
JWR,462,TS,,
JWR,463,SB,,
JWR,464,TS,,
JWR,465,TS,,
JWR,466,TS,,
JWR,467,TS,,
JWR,468,TS,,
JWR,469,TS,,
JWR,470,TS,,
JWR,471,TS,,
JWR,472,TS,,
JWR,473,TS,,
JWR,474,TS,,
JWR,475,TS,,
JWR,476,TS,,
JWR,477,TS,,
JWR,478,TS,,
JWR,479,TS,,
JWR,480,TS,,
JWR,481,TS,,
JWR,482,TS,,
JWR,483,TS,,
JWR,484,TS,,
JWR,485,TS,,
JWR,486,TS,INTERNATIONAL? ,
JWR,487,TS,,
JWR,488,TS,,
JWR,489,TS,,
JWR,490,OT,,
JWR,491,OT,,
JWR,492,TS,,
JWR,493,TS,,
JWR,494,TS,,
JWR,495,TS,,
JWR,496,TS,,
JWR,497,TS,,
JWR,498,TS,,
JWR,499,TS,,
JMR,500,TS,,
JMR,501,TS,,
JMR,502,TS,,
JMR,503,TS,,
JMR,504,SB,,
JMR,505,SB,,
JMR,506,TS,,
JMR,507,SB,,
JMR,508,SB,"good convo, lots of sharing",1
JMR,509,SB,funny,
JMR,510,SB,,
JMR,511,SB,,
JMR,512,SB,,
JMR,513,TF,added to list to check out',
JMR,514,SB,fascinating that they mention ebola and quarantine - thought this was today!,
JMR,515,SB,,
JMR,516,SB,,
JMR,517,SB,related to 515 safarnum's comment,
JMR,518,SB,,
JMR,519,SB,,
JMR,520,SB,,
JMR,521,SB,,
JMR,522,SB,,
JMR,523,SB,,
JMR,524,SB,,
JMR,525,SB,,
JMR,526,TS,,
JMR,527,SB,,
JMR,528,SB,,
JMR,529,TS,,
JMR,530,TS,,
JMR,531,SB,,
JMR,532,SB,,
JMR,533,TS,,
JMR,534,SB,,
JMR,535,SB,,
JMR,536,SB,,
JMR,537,TF,,
JMR,538,SB,,
JMR,539,SB,,
JMR,540,TS,,
JMR,541,SB,,
JMR,542,TS,,
JMR,543,TS,,
JMR,544,TS,,
JMR,545,SB,,
JMR,546,SB,,
JMR,547,TS,,
JMR,548,TS,,
JMR,549,SB,,
JMR,550,SB,,
JMR,551,SB,,
JMR,552,TS,,
JMR,553,SB,,
JMR,554,SB,,
JMR,555,TF,,
JMR,556,SB,,
JMR,557,SB,,
JMR,558,SB,,
JMR,559,SB,,
JMR,560,TS,,
JMR,561,SB,,
JMR,562,SB,,
JMR,563,SB,,
JMR,564,TS,,
JMR,565,TS,,
JMR,566,SB,,
JMR,567,TS,,
JMR,568,SB,,
JMR,569,SB,,
JMR,570,SB,,
JMR,571,SB,,
JMR,572,SB,,
JMR,573,SB,,
JMR,574,SB,,
JMR,575,SB,,
JMR,576,SB,,
JMR,577,SB,,
JMR,578,SB,,
JMR,579,SB,,
JMR,580,SB,,
JMR,581,SB,,
JMR,582,SB,,
JMR,583,SB,,
JMR,584,SB,,
JMR,585,TS,,
JMR,586,SB,,
JMR,587,SB,,
JMR,588,SB,tagging in others,1
JMR,589,SB,,
JMR,590,SB,,
JMR,591,SB,,
JMR,592,TS,,
JMR,593,TS,,
JMR,594,TS,"omg, trying to get degrasse tyson and nye to join",
JMR,595,TS,,
JMR,596,TS,,
JMR,597,TS,,
JMR,598,TS,,
JMR,599,TS,,
JMR,600,TS,,
JMR,601,TS,,
JMR,602,TS,,
JMR,603,TS,,
JMR,604,TS,,
JMR,605,TS,,
JMR,606,TS,,
JMR,607,TS,,
JMR,608,TS,,
JMR,609,TS,,
JMR,610,TS,,
JMR,611,TS,,
JMR,612,TS,,
JMR,613,TS,,
JMR,614,TS,,
JMR,615,TS,,
JMR,616,TS,,
JMR,617,TS,,
JMR,618,TS,,
JMR,619,TS,,
JMR,620,TS,,
JMR,621,TS,,
JMR,622,TS,,
JMR,623,TS,,
JMR,624,TS,,
JMR,625,TS,,
JMR,626,TS,,
JMR,627,TS,,
JMR,628,TS,,
JMR,629,TS,,
JMR,630,TS,,
JMR,631,TS,,
JMR,632,TS,,
JMR,633,TS,,
JMR,634,TS,,
JMR,635,TS,,
JMR,636,TS,,
JMR,637,TS,,
JMR,638,TS,,
JMR,639,TS,,
JMR,640,TS,,
JMR,641,SB,,
JMR,642,SB,,
JMR,643,SB,,
JMR,644,SB,"here, tric really seems to want to learn",1
JMR,645,SB,,
JMR,646,SB,,
JMR,647,SB,,
JMR,648,SB,,
JMR,649,SB,,
JMR,650,TS,,
JMR,651,SB,here is reflection on a PD,1
JMR,652,SB,,
JMR,653,SB,,
JMR,654,SB,,
JMR,655,SB,,
JMR,656,SB,,
JMR,657,SB,,
JMR,658,TF,implicitly to be used,
JMR,659,TS,,
JMR,660,SB,,
JMR,661,SB,,
JMR,662,SB,,
JMR,663,SB,,
JMR,664,SB,,
JMR,665,TS,,
JMR,666,TS,,
JMR,667,SB,,
JMR,668,TF,"would love to connect to learn more - this seems like the spirit of TF, but is a tricky kind of case",
JMR,669,TS,,
JMR,670,SB,,1
JMR,671,SB,,
JMR,672,SB,,
JMR,673,TF,"again, plans to connect",
JMR,674,SB,,
JMR,675,SB,,
JMR,676,SB,,
JMR,677,SB,,
JMR,678,SB,,
JMR,679,SB,,
JMR,680,TS,,
JMR,681,SB,,
JMR,682,TS,,
JMR,683,SB,,
JMR,684,TS,,
JMR,685,TS,,
JMR,686,SB,,
JMR,687,SB,,
JMR,688,TS,,
JMR,689,SB,,
JMR,690,SB,,
JMR,691,SB,,
JMR,692,SB,,
JMR,693,SB,"interesting, district adopted before MI as a state",
JMR,694,SB,,
JMR,695,TS,,
JMR,696,TS,,
JMR,697,SB,,
JMR,698,SB,,
JMR,699,SB,,
JMR,700,SB,,
JMR,701,SB,,
JMR,702,SB,,
JMR,703,SB,"hm, there was a G+ community",
JMR,704,SB,,
JMR,705,TS,,
JMR,706,SB,,
JMR,707,SB,,
JMR,708,SB,,
JMR,709,SB,,
JMR,710,SB,,
JMR,711,TS,,
JMR,712,SB,,
JMR,713,SB,,
JMR,714,TS,,
JMR,715,TS,,
JMR,716,TS,,
JMR,717,TS,,
JMR,718,TS,,
JMR,719,TS,,
JMR,720,TS,,
JMR,721,TS,,
JMR,722,TS,,
JMR,723,TS,,
JMR,724,TS,,
JMR,725,SB,fascinating - Phil touches base re another Brief that Rich could contribute to,1
JMR,726,SB,,
JMR,727,TS,,
JMR,728,TS,,
JMR,729,SB,,
JMR,730,SB,,
JMR,731,SB,,
JMR,732,SB,,
JMR,733,SB,,
JMR,734,SB,,
JMR,735,SB,,
JMR,736,TS,,
JMR,737,SB,,
JMR,738,SB,more sharing of briefs,
JMR,739,SB,,
JMR,740,SB,,
JMR,741,SB,,
JMR,742,SB,,
JMR,743,RT,RT,
JMR,744,TS,,
JMR,745,SB,,
JMR,746,SB,,
JMR,747,SB,,
JMR,748,SB,,
JMR,749,TS,,
JMR,750,SB,,
JMR,751,SB,,
JMR,752,SB,,
JMR,753,SB,,
JMR,754,SB,,
JMR,755,SB,,
JMR,756,SB,,
JMR,757,SB,,
JMR,758,SB,,
JMR,759,SB,,
JMR,760,SB,,
JMR,761,SB,,
JMR,762,SB,,
JMR,763,SB,,
JMR,764,SB,,
JMR,765,TS,,
JMR,766,SB,,
JMR,767,SB,,
JMR,768,SB,,
JMR,769,SB,,
JMR,770,SB,,
JMR,771,SB,,
JMR,772,SB,,
JMR,773,SB,,
JMR,774,SB,,
JMR,775,SB,,
JMR,776,SB,,
JMR,777,SB,,
JMR,778,SB,,
JMR,779,TS,,
JMR,780,SB,,
JMR,781,SB,,
JMR,782,SB,,
JMR,783,SB,about meeting up at NSTA,
JMR,784,TF,planning to meetup,
JMR,785,SB,,
JMR,786,SB,,
JMR,787,TS,,
JMR,788,TS,,
JMR,789,SB,,
JMR,790,SB,,
JMR,791,SB,,
JMR,792,SB,fred learning from too,1
JMR,793,SB,,
JMR,794,TS,,
JMR,795,SB,,
JMR,796,SB,,
JMR,797,SB,,
JMR,798,SB,,
JMR,799,SB,,
JWR,800,SB,,
JWR,801,SB,,
JWR,802,SB,,
JWR,803,SB,,
JWR,804,SB,,
JWR,805,SB,,
JWR,806,SB,,
JWR,807,SB,,
JWR,808,SB,,
JWR,809,SB,,
JWR,810,SB,,
JWR,811,SB,,
JWR,812,SB,,
JWR,813,SB,,
JWR,814,SB,,
JWR,815,SB,,
JWR,816,SB,,
JWR,817,SB,,
JWR,818,SB,,
JWR,819,SB,,
JWR,820,SB,,
JWR,821,TS,,
JWR,822,SB,,
JWR,823,RT,RETWEET OF 822,
JWR,824,SB,,
JWR,825,SB,,
JWR,826,SB,,
JWR,827,SB,,
JWR,828,SB,,
JWR,829,TS,,
JWR,830,TS,,
JWR,831,SB,,
JWR,832,TS,,
JWR,833,SB,,
JWR,834,SB,,
JWR,835,SB,,
JWR,836,SB,,
JWR,837,SB,,
JWR,838,TS,,
JWR,839,TS,,
JWR,840,TS,,
JWR,841,TS,,
JWR,842,TS,,
JWR,843,TS,,
JWR,844,TS,,
JWR,845,TS,,
JWR,846,TS,,
JWR,847,TS,,
JWR,848,TS,,
JWR,849,TS,,
JWR,850,TS,,
JWR,851,TS,,
JWR,852,TS,,
JWR,853,TS,,
JWR,854,TS,,
JWR,855,TS,,
JWR,856,TS,,
JWR,857,TS,,
JWR,858,TS,,
JWR,859,TS,,
JWR,860,TS,,
JWR,861,TS,,
JWR,862,SB,,
JWR,863,TS,,
JWR,864,SB,,
JWR,865,SB,,
JWR,866,SB,,
JWR,867,SB,,
JWR,868,SB,,
JWR,869,SB,,
JWR,870,SB,,
JWR,871,TS,,
JWR,872,TS,,
JWR,873,SB,,
JWR,874,SB,,
JWR,875,SB,,
JWR,876,SB,,
JWR,877,SB,,
JWR,878,SB,,
JWR,879,SB,,
JWR,880,SB,,
JWR,881,SB,,
JWR,882,SB,,
JWR,883,SB,,
JWR,884,SB,,
JWR,885,SB,,
JWR,886,SB,,
JWR,887,SB,,
JWR,888,SB,,
JWR,889,SB,,
JWR,890,SB,,
JWR,891,SB,,
JWR,892,TS,,
JWR,893,SB,,
JWR,894,SB,,
JWR,895,SB,,
JWR,896,SB,,
JWR,897,SB,,
JWR,898,SB,,
JWR,899,SB,,
JWR,900,SB,,
JWR,901,SB,,
JWR,902,SB,,
JWR,903,SB,,
JWR,904,SB,,
JWR,905,SB,,
JWR,906,SB,,
JWR,907,SB,,
JWR,908,SB,,
JWR,909,SB,,
JWR,910,SB,,
JWR,911,SB,,
JWR,912,SB,,
JWR,913,SB,,
JWR,914,SB,,
JWR,915,SB,,
JWR,916,SB,,
JWR,917,SB,,
JWR,918,SB,,
JWR,919,SB,,
JWR,920,SB,,
JWR,921,SB,,
JWR,922,SB,,
JWR,923,SB,,
JWR,924,TS,,
JWR,925,SB,,
JWR,926,SB,,
JWR,927,SB,,
JWR,928,SB,,
JWR,929,SB,,
JWR,930,TS,,
JWR,931,TS,,
JWR,932,TS,,
JWR,933,SB,,
JWR,934,TS,,
JWR,935,TS,,
JWR,936,TS,,
JWR,937,TS,,
JWR,938,TS,,
JWR,939,TS,,
JWR,940,TS,,
JWR,941,TS,,
JWR,942,SB,,
JWR,943,SB,,
JWR,944,SB,,
JWR,945,SB,,
JWR,946,SB,,
JWR,947,SB,,
JWR,948,SB,,
JWR,949,SB,,
JWR,950,SB,,
JWR,951,SB,,
JWR,952,SB,,
JWR,953,SB,,
JWR,954,SB,,
JWR,955,SB,,
JWR,956,SB,,
JWR,957,SB,,
JWR,958,SB,,
JWR,959,SB,,
JWR,960,SB,,
JWR,961,SB,,
JWR,962,SB,,
JWR,963,TS,,
JWR,964,SB,,
JWR,965,SB,,
JWR,966,SB,,
JWR,967,SB,,
JWR,968,SB,,
JWR,969,SB,,
JWR,970,SB,,
JWR,971,SB,,
JWR,972,SB,,
JWR,973,SB,,
JWR,974,SB,,
JWR,975,SB,,
JWR,976,SB,,
JWR,977,SB,,
JWR,978,SB,,
JWR,979,SB,,
JWR,980,SB,,
JWR,981,SB,,
JWR,982,SB,,
JWR,983,SB,,
JWR,984,SB,,
JWR,985,SB,,
JWR,986,SB,,
JWR,987,SB,,
JWR,988,SB,,
JWR,989,SB,,
JWR,990,SB,,
JWR,991,SB,,
JWR,992,SB,,
JWR,993,TS,,
JWR,994,TS,,
JWR,995,SB,,
JWR,996,TS,,
JWR,997,TS,,
JWR,998,TS,,
JWR,999,TS,,
JWR,1000,TS,,
JWR,1001,TS,,
JWR,1002,TS,,
JWR,1003,TS,,
JWR,1004,TS,,
JWR,1005,TS,,
JWR,1006,TS,,
JWR,1007,TS,,
JWR,1008,TS,,
JWR,1009,TS,,
JWR,1010,TS,,
JWR,1011,TS,,
JWR,1012,TS,,
JWR,1013,TS,,
JWR,1014,TS,,
JWR,1015,TS,,
JWR,1016,TS,,
JWR,1017,TS,,
JWR,1018,TS,,
JWR,1019,TS,,
JWR,1020,TS,,
JWR,1021,TS,,
JWR,1022,TS,,
JWR,1023,SB,,
JWR,1024,SB,,
JWR,1025,SB,,
JWR,1026,SB,,
JWR,1027,SB,,
JWR,1028,SB,,
JWR,1029,SB,,
JWR,1030,SB,,
JWR,1031,SB,,
JWR,1032,SB,,
JWR,1033,SB,,
JWR,1034,SB,,
JWR,1035,SB,,
JWR,1036,SB,,
JWR,1037,SB,,
JWR,1038,SB,,
JWR,1039,SB,,
JWR,1040,SB,,
JWR,1041,SB,,
JWR,1042,SB,,
JWR,1043,SB,,
JWR,1044,SB,,
JWR,1045,SB,,
JWR,1046,SB,,
JWR,1047,SB,,
JWR,1048,SB,,
JWR,1049,SB,,
JWR,1050,SB,,
JWR,1051,SB,,
JWR,1052,TS,,
JWR,1053,SB,,
JWR,1054,SB,,
JWR,1055,SB,,
JWR,1056,SB,,
JWR,1057,SB,,
JWR,1058,SB,,
JWR,1059,SB,,
JWR,1060,TS,,
JWR,1061,SB,,
JWR,1062,SB,,
JWR,1063,SB,,
JWR,1064,SB,,
JWR,1065,SB,,
JWR,1066,SB,,
JWR,1067,SB,,
JWR,1068,SB,,
JWR,1069,SB,,
JWR,1070,SB,,
JWR,1071,SB,,
JWR,1072,SB,,
JWR,1073,SB,,
JWR,1074,SB,,
JWR,1075,SB,,
JWR,1076,TS,,
JWR,1077,SB,,
JWR,1078,SB,,
JWR,1079,SB,,
JWR,1080,SB,,
JWR,1081,SB,,
JWR,1082,SB,,
JWR,1083,SB,,
JWR,1084,SB,,
JWR,1085,SB,,
JWR,1086,SB,,
JWR,1087,SB,,
JWR,1088,SB,,
JWR,1089,SB,,
JWR,1090,SB,,
JWR,1091,SB,,
JWR,1092,SB,,
JWR,1093,SB,,
JWR,1094,SB,,
JWR,1095,SB,,
JWR,1096,SB,,
JWR,1097,SB,,
JWR,1098,SB,,
JWR,1099,SB,,
JMR,1100,SB,,
JMR,1101,SB,,
JMR,1102,SB,,
JMR,1103,SB,,
JMR,1104,SB,,
JMR,1105,SB,,
JMR,1106,TF,would love to try in school,
JMR,1107,SB,,
JMR,1108,SB,,
JMR,1109,SB,,
JMR,1110,TS,joke,
JMR,1111,SB,"loop in researchers, need to study CCCs",1
JMR,1112,SB,,
JMR,1113,TS,,
JMR,1114,TS,,
JMR,1115,TS,,
JMR,1116,TS,,
JMR,1117,TS,,
JMR,1118,TS,,
JMR,1119,TS,,
JMR,1120,TS,,
JMR,1121,TS,,
JMR,1122,TS,,
JMR,1123,TS,,
JMR,1124,TS,,
JMR,1125,TS,,
JMR,1126,TS,,
JMR,1127,TS,,
JMR,1128,TS,,
JMR,1129,TS,,
JMR,1130,TF,plans to connect around makerspaces; voxer group being formed,1
JMR,1131,TS,,
JMR,1132,TS,,
JMR,1133,TS,,
JMR,1134,SB,,
JMR,1135,TS,,
JMR,1136,TS,"okay, this is genuinely hilarious - there is a flat fred account https://twitter.com/RealFlatFred",1
JMR,1137,TS,,
JMR,1138,TS,,
JMR,1139,TS,,
JMR,1140,TS,,
JMR,1141,TS,,
JMR,1142,TS,,
JMR,1143,TS,,
JMR,1144,TS,,
JMR,1145,TS,,
JMR,1146,TS,,
JMR,1147,TS,,
JMR,1148,TS,,
JMR,1149,SB,,
JMR,1150,SB,,
JMR,1151,TS,,
JMR,1152,TS,,
JMR,1153,TS,,
JMR,1154,TS,"""now co-coords of NGSS@NSTA""",1
JMR,1155,SB,about why chats can be stressful/nerve-wracking,1
JMR,1156,SB,,
JMR,1157,SB,,
JMR,1158,SB,,
JMR,1159,TS,,
JMR,1160,TS,,
JMR,1161,TS,backchannel to conf,
JMR,1162,TS,,
JMR,1163,TS,,
JMR,1164,TS,joke about how active chat is due to being co-located with NSTA,
JMR,1165,TS,,
JMR,1166,TS,,
JMR,1167,TS,,
JMR,1168,TS,,
JMR,1169,SB,asking about speaking to policymakers,1
JMR,1170,SB,asking about speaking to policymakers,1
JMR,1171,SB,asking about speaking to policymakers,1
JMR,1172,TS,,
JMR,1173,RT,RT,
JMR,1174,TS,,
JMR,1175,SB,"about value of #NGSSchat relative to conf session: ""What's probably better than any NGSS session is sharing with those living it on""",1
JMR,1176,TS,,
JMR,1177,TS,,
JMR,1178,TS,,
JMR,1179,TS,,
JMR,1180,TS,,
JMR,1181,SB,,
JMR,1182,TS,,
JMR,1183,TS,,
JMR,1184,TS,,
JMR,1185,SB,,
JMR,1186,SB,,
JMR,1187,SB,,
JMR,1188,SB,,
JMR,1189,SB,,
JMR,1190,TS,,
JMR,1191,TS,,
JMR,1192,SB,,
JMR,1193,SB,,
JMR,1194,TS,,
JMR,1195,TS,,
JMR,1196,TS,,
JMR,1197,TS,,
JMR,1198,SB,,
JMR,1199,SB,,
JMR,1200,SB,,
JMR,1201,TS,joke,
JMR,1202,SB,,
JMR,1203,TS,,
JMR,1204,SB,,
JMR,1205,TS,,
JMR,1206,SB,,
JMR,1207,SB,,
JMR,1208,SB,,
JMR,1209,SB,,
JMR,1210,SB,,
JMR,1211,TS,,
JMR,1212,SB,advisor and advisee,
JMR,1213,SB,,
JMR,1214,SB,,
JMR,1215,SB,,
JMR,1216,SB,,
JMR,1217,SB,,
JMR,1218,SB,,
JMR,1219,SB,,
JMR,1220,SB,,
JMR,1221,SB,,
JMR,1222,SB,,
JMR,1223,SB,,
JMR,1224,TS,,
JMR,1225,TS,,
JMR,1226,SB,,
JMR,1227,TS,,
JMR,1228,SB,,
JMR,1229,SB,,
JMR,1230,SB,,
JMR,1231,SB,,
JMR,1232,TS,,
JMR,1233,SB,,
JMR,1234,SB,,
JMR,1235,TS,,
JMR,1236,TS,,
JMR,1237,TS,,
JMR,1238,SB,,
JMR,1239,SB,,
JMR,1240,SB,,
JMR,1241,SB,,
JMR,1242,SB,chall of elem sci,
JMR,1243,SB,,
JMR,1244,SB,,
JMR,1245,SB,,
JMR,1246,SB,,
JMR,1247,SB,,
JMR,1248,SB,,
JMR,1249,SB,,
JMR,1250,TS,joke,
JMR,1251,TS,,
JMR,1252,SB,,
JMR,1253,SB,,
JMR,1254,SB,,
JMR,1255,SB,,
JMR,1256,SB,,
JMR,1257,SB,,
JMR,1258,SB,,
JMR,1259,TS,"wanting to see question again, I think",
JMR,1260,TS,,
JMR,1261,SB,,
JMR,1262,TS,,
JMR,1263,SB,,
JMR,1264,SB,,
JMR,1265,SB,,
JMR,1266,SB,,
JMR,1267,RT,RT,
JMR,1268,SB,"on standards-based report cards for sci, Wis Dept. of Pub Instruction; pretty cool",1
JMR,1269,SB,,
JMR,1270,TS,,
JMR,1271,SB,,
JMR,1272,SB,,
JMR,1273,SB,,
JMR,1274,SB,,
JMR,1275,SB,,
JMR,1276,SB,,
JMR,1277,SB,,
JMR,1278,SB,,
JMR,1279,SB,,
JMR,1280,SB,,
JMR,1281,SB,"test doesn't matter, hook does",1
JMR,1282,SB,,
JMR,1283,SB,,
JMR,1284,SB,,
JMR,1285,TS,,
JMR,1286,SB,,
JMR,1287,SB,,
JMR,1288,SB,,
JMR,1289,TS,,
JMR,1290,SB,,
JMR,1291,SB,,
JMR,1292,SB,,
JMR,1293,SB,,
JMR,1294,TS,,
JMR,1295,SB,,
JMR,1296,SB,,
JMR,1297,TS,,
JMR,1298,SB,,
JMR,1299,SB,,
JMR,1300,SB,,
JMR,1301,SB,,
JMR,1302,SB,,
JMR,1303,SB,,
JMR,1304,SB,,
JMR,1305,TS,,
JMR,1306,TS,,
JMR,1307,SB,,
JMR,1308,SB,,
JMR,1309,TS,,
JMR,1310,TS,,
JMR,1311,TS,,
JMR,1312,TS,,
JMR,1313,TS,,
JMR,1314,TS,,
JMR,1315,TS,on face-to-face tweetup,
JMR,1316,TS,,
JMR,1317,TS,,
JMR,1318,TS,,
JMR,1319,TS,,
JMR,1320,TS,,
JMR,1321,TS,,
JMR,1322,TS,,
JMR,1323,TS,,
JMR,1324,TS,,
JMR,1325,TS,,
JMR,1326,TS,,
JMR,1327,TS,,
JMR,1328,TS,,
JMR,1329,TS,,
JMR,1330,TS,,
JMR,1331,TS,,
JMR,1332,TS,,
JMR,1333,TS,,
JMR,1334,TS,,
JMR,1335,TS,,
JMR,1336,TS,,
JMR,1337,TS,,
JMR,1338,TS,,
JMR,1339,TS,,
JMR,1340,TS,,
JMR,1341,TS,,
JMR,1342,TS,,
JMR,1343,TS,,
JMR,1344,TS,,
JMR,1345,TS,,
JMR,1346,TS,,
JMR,1347,TS,,
JMR,1348,TS,,
JMR,1349,TS,,
JMR,1350,TS,,
JMR,1351,TS,,
JMR,1352,TS,,
JMR,1353,TS,,
JMR,1354,TS,,
JMR,1355,TS,,
JMR,1356,TS,,
JMR,1357,TS,,
JMR,1358,TS,,
JMR,1359,TS,,
JMR,1360,TS,,
JMR,1361,TS,and they keep coming' back to #NGSSchat,1
JMR,1362,SB,discussing implementation,1
JMR,1363,TS,,
JMR,1364,TS,,
JMR,1365,TS,,
JMR,1366,TS,,
JMR,1367,TS,,
JMR,1368,TS,,
JMR,1369,SB,,
JMR,1370,SB,,
JMR,1371,SB,,
JMR,1372,SB,,
JMR,1373,SB,,
JMR,1374,SB,,
JMR,1375,SB,,
JMR,1376,SB,,
JMR,1377,SB,,
JMR,1378,SB,,
JMR,1379,SB,,
JMR,1380,SB,,
JMR,1381,SB,,
JMR,1382,SB,,
JMR,1383,SB,,
JMR,1384,SB,,
JMR,1385,SB,,
JMR,1386,SB,,
JMR,1387,SB,,
JMR,1388,SB,,
JMR,1389,SB,,
JMR,1390,SB,,
JMR,1391,SB,,
JMR,1392,SB,,
JMR,1393,SB,,
JMR,1394,SB,,
JMR,1395,SB,,
JMR,1396,SB,,
JMR,1397,SB,,
JMR,1398,SB,,
JMR,1399,SB,,
JWR,1400,SB,,
JWR,1401,SB,,
JWR,1402,SB,,
JWR,1403,SB,,
JWR,1404,SB,,
JWR,1405,SB,,
JWR,1406,SB,,
JWR,1407,SB,,
JWR,1408,TS,,
JWR,1409,TS,,
JWR,1410,SB,,
JWR,1411,TS,,
JWR,1412,SB,,
JWR,1413,SB,,
JWR,1414,SB,,
JWR,1415,SB,,
JWR,1416,SB,,
JWR,1417,TS,,
JWR,1418,SB,,
JWR,1419,SB,,
JWR,1420,SB,,
JWR,1421,SB,,
JWR,1422,SB,,
JWR,1423,SB,,
JWR,1424,SB,,
JWR,1425,TS,,
JWR,1426,SB,,
JWR,1427,SB,,
JWR,1428,SB,,
JWR,1429,SB,,
JWR,1430,SB,,
JWR,1431,SB,,
JWR,1432,SB,,
JWR,1433,SB,,
JWR,1434,SB,,
JWR,1435,SB,,
JWR,1436,SB,,
JWR,1437,SB,,
JWR,1438,SB,,
JWR,1439,SB,,
JWR,1440,SB,,
JWR,1441,SB,,
JWR,1442,SB,,
JWR,1443,SB,,
JWR,1444,SB,,
JWR,1445,SB,,
JWR,1446,SB,,
JWR,1447,TS,,
JWR,1448,SB,,
JWR,1449,SB,,
JWR,1450,SB,,
JWR,1451,SB,,
JWR,1452,SB,,
JWR,1453,SB,,
JWR,1454,SB,,
JWR,1455,TS,,
JWR,1456,SB,,
JWR,1457,SB,,
JWR,1458,SB,,
JWR,1459,SB,,
JWR,1460,TS,,
JWR,1461,TS,,
JWR,1462,SB,,
JWR,1463,SB,,
JWR,1464,SB,,
JWR,1465,SB,,
JWR,1466,SB,,
JWR,1467,SB,,
JWR,1468,SB,,
JWR,1469,SB,,
JWR,1470,SB,,
JWR,1471,SB,,
JWR,1472,SB,,
JWR,1473,SB,,
JWR,1474,SB,,
JWR,1475,SB,,
JWR,1476,SB,,
JWR,1477,SB,,
JWR,1478,SB,,
JWR,1479,SB,,
JWR,1480,SB,,
JWR,1481,SB,,
JWR,1482,SB,,
JWR,1483,SB,,
JWR,1484,SB,,
JWR,1485,SB,,
JWR,1486,SB,,
JWR,1487,SB,,
JWR,1488,SB,,
JWR,1489,SB,,
JWR,1490,SB,,
JWR,1491,SB,,
JWR,1492,SB,,
JWR,1493,SB,,
JWR,1494,SB,,
JWR,1495,SB,,
JWR,1496,SB,,
JWR,1497,SB,,
JWR,1498,SB,,
Both,1499,SB,,
Both,1500,TS,,
Both,1501,TS,,
Both,1502,TS,,
Both,1503,SB,,
Both,1504,SB,,
Both,1505,SB,,
Both,1506,TS,,
Both,1507,TS,,
Both,1508,SB,,
Both,1509,SB,,
Both,1510,SB,,
Both,1511,SB,,
Both,1512,SB,,
Both,1513,SB,,
Both,1514,SB,,
Both,1515,SB,,
Both,1516,SB,,
Both,1517,SB,,
Both,1518,TS,,
Both,1519,TS,,
Both,1520,SB,,
Both,1521,TS,,
Both,1522,SB,,
Both,1523,SB,,
Both,1524,SB,,
Both,1525,SB,,
Both,1526,TS,,
Both,1527,SB,,
Both,1528,SB,,
Both,1529,SB,,
Both,1530,SB,,
Both,1531,SB,,
Both,1532,SB,,
Both,1533,SB,,
Both,1534,SB,,
Both,1535,SB,,
Both,1536,SB,,
Both,1537,SB,,
Both,1538,SB,,
Both,1539,SB,,
Both,1540,SB,,
Both,1541,TS,,
Both,1542,TS,,
Both,1543,SB,,
Both,1544,TS,,
Both,1545,TS,,
Both,1546,TS,,
Both,1547,SB,,
Both,1548,SB,,
Both,1549,TS,,
Both,1550,SB,,
JWR,1551,SB,,
JWR,1552,SB,,
JWR,1553,TS,,
JWR,1554,SB,,
JWR,1555,SB,,
JWR,1556,TS,,
JWR,1557,SB,,
JWR,1558,SB,,
JWR,1559,TS,,
JWR,1560,TS,,
JWR,1561,TS,,
JWR,1562,TS,,
JWR,1563,TS,,
JWR,1564,SB,,
JWR,1565,TS,,
JWR,1566,TS,,
JWR,1567,TS,,
JWR,1568,TS,,
JWR,1569,TS,,
JWR,1570,TS,,
JWR,1571,TS,,
JWR,1572,TS,,
JWR,1573,TS,,
JWR,1574,TS,,
JWR,1575,TS,,
JWR,1576,TS,,
JWR,1577,TS,,
JWR,1578,TS,,
JWR,1579,TS,,
JWR,1580,TS,,
JWR,1581,TS,,
JWR,1582,TS,,
JWR,1583,TS,,
JWR,1584,TS,,
JWR,1585,TS,,
JWR,1586,TS,,
JWR,1587,TS,,
JWR,1588,TS,,
JWR,1589,TS,,
JWR,1590,TS,,
JWR,1591,TS,,
JWR,1592,TS,,
JWR,1593,TS,,
JWR,1594,TS,,
JWR,1595,TS,,
JWR,1596,TS,,
JWR,1597,TS,,
JWR,1598,TS,,
JWR,1599,TS,,
JWR,1600,TS,,
JWR,1601,TS,,
JWR,1602,TS,,
JWR,1603,TS,,
JWR,1604,TS,,
JWR,1605,TS,,
JWR,1606,TS,,
JWR,1607,TS,,
JWR,1608,TS,,
JWR,1609,TS,,
JWR,1610,TS,,
JWR,1611,TS,,
JWR,1612,TS,,
JWR,1613,TS,,
JWR,1614,TS,,
JWR,1615,TS,,
JWR,1616,TS,,
JWR,1617,TS,,
JWR,1618,TS,,
JWR,1619,SB,,
JWR,1620,SB,,
JWR,1621,SB,,
JWR,1622,SB,,
JWR,1623,SB,,
JWR,1624,SB,,
JWR,1625,SB,,
JWR,1626,SB,,
JWR,1627,SB,,
JWR,1628,SB,,
JWR,1629,SB,,
JWR,1630,SB,,
JWR,1631,SB,,
JWR,1632,SB,,
JWR,1633,SB,,
JWR,1634,SB,,
JWR,1635,SB,,
JWR,1636,SB,,
JWR,1637,SB,,
JWR,1638,SB,,
JWR,1639,SB,,
JWR,1640,SB,,
JWR,1641,SB,,
JWR,1642,SB,,
JWR,1643,SB,,
JWR,1644,SB,,
JWR,1645,SB,,
JWR,1646,SB,,
JWR,1647,SB,,
JWR,1648,SB,,
JWR,1649,SB,,
JWR,1650,SB,,
JWR,1651,SB,,
JWR,1652,SB,,
JWR,1653,SB,,
JWR,1654,SB,,
JWR,1655,SB,,
JWR,1656,SB,,
JWR,1657,SB,,
JWR,1658,SB,,
JWR,1659,SB,,
JWR,1660,SB,,
JWR,1661,SB,,
JWR,1662,SB,,
JWR,1663,SB,,
JWR,1664,SB,,
JWR,1665,SB,,
JWR,1666,SB,,
JWR,1667,SB,,
JWR,1668,SB,,
JWR,1669,SB,,
JWR,1670,SB,,
JWR,1671,SB,,
JWR,1672,SB,,
JWR,1673,SB,,
JWR,1674,SB,,
JWR,1675,SB,,
JWR,1676,TS,,
JWR,1677,TS,,
JWR,1678,TS,,
JWR,1679,TS,,
JWR,1680,SB,,
JWR,1681,SB,,
JWR,1682,SB,,
JWR,1683,SB,,
JWR,1684,SB,,
JWR,1685,SB,,
JWR,1686,SB,,
JWR,1687,SB,,
JWR,1688,SB,,
JWR,1689,SB,,
JWR,1690,SB,,
JWR,1691,SB,,
JWR,1692,SB,,
JWR,1693,SB,,
JWR,1694,SB,,
JWR,1695,SB,,
JWR,1696,SB,,
JWR,1697,SB,,
JWR,1698,SB,,
JWR,1699,SB,,
JMR,1700,SB,,
JMR,1701,TS,,
JMR,1702,TS,,
JMR,1703,TS,,
JMR,1704,SB,,
JMR,1705,SB,,
JMR,1706,SB,,
JMR,1707,TS,,
JMR,1708,TF,,
JMR,1709,SB,,
JMR,1710,TS,,
JMR,1711,TS,how does this work?',
JMR,1712,TS,,
JMR,1713,SB,,
JMR,1714,TS,,
JMR,1715,SB,,
JMR,1716,SB,,
JMR,1717,SB,planning ahead,1
JMR,1718,TS,,
JMR,1719,SB,,
JMR,1720,TS,,
JMR,1721,SB,,
JMR,1722,SB,,
JMR,1723,SB,,
JMR,1724,SB,,
JMR,1725,TF,,
JMR,1726,TS,,
JMR,1727,SB,interesting working through what a top down reform looks like in terms of resources,1
JMR,1728,SB,,
JMR,1729,SB,,
JMR,1730,TS,,
JMR,1731,SB,,
JMR,1732,SB,,
JMR,1733,SB,,
JMR,1734,TS,,
JMR,1735,TS,,
JMR,1736,TS,,
JMR,1737,TS,,
JMR,1738,TS,,
JMR,1739,SB,,
JMR,1740,TS,,
JMR,1741,TS,,
JMR,1742,SB,,
JMR,1743,SB,,
JMR,1744,SB,,
JMR,1745,TS,,
JMR,1746,TS,,
JMR,1747,SB,,
JMR,1748,TS,,
JMR,1749,SB,,
JMR,1750,TS,,
JMR,1751,TS,,
JMR,1752,TS,,
JMR,1753,SB,,
JMR,1754,SB,Phil always reaching out to folks!,1
JMR,1755,SB,,
JMR,1756,TS,,
JMR,1757,SB,,
JMR,1758,SB,,
JMR,1759,SB,,
JMR,1760,TS,,
JMR,1761,TS,,
JMR,1762,TS,,
JMR,1763,TS,,
JMR,1764,TS,,
JMR,1765,TS,,
JMR,1766,TS,,
JMR,1767,TS,,
JMR,1768,SB,,
JMR,1769,TS,,
JMR,1770,TS,,
JMR,1771,TS,,
JMR,1772,TS,,
JMR,1773,TS,,
JMR,1774,TS,,
JMR,1775,TS,,
JMR,1776,TS,,
JMR,1777,SB,,
JMR,1778,SB,,
JMR,1779,TS,,
JMR,1780,TS,,
JMR,1781,SB,,
JMR,1782,SB,,
JMR,1783,SB,,
JMR,1784,SB,,
JMR,1785,SB,,
JMR,1786,SB,,
JMR,1787,SB,,
JMR,1788,SB,,
JMR,1789,SB,,
JMR,1790,TS,,
JMR,1791,TS,,
JMR,1792,SB,,
JMR,1793,TS,,
JMR,1794,TS,,
JMR,1795,SB,,
JMR,1796,SB,,
JMR,1797,SB,,
JMR,1798,TS,,
JMR,1799,TS,,
JMR,1800,TS,,
JMR,1801,TS,,
JMR,1802,TS,,
JMR,1803,SB,,
JMR,1804,TF,good example of trying something new,1
JMR,1805,SB,,
JMR,1806,SB,,
JMR,1807,SB,,
JMR,1808,SB,,
JMR,1809,SB,,
JMR,1810,SB,,
JMR,1811,SB,,
JMR,1812,SB,,
JMR,1813,SB,OL shows up!,1
JMR,1814,SB,,
JMR,1815,SB,,
JMR,1816,SB,,
JMR,1817,TS,,
JMR,1818,SB,,
JMR,1819,SB,,
JMR,1820,SB,,
JMR,1821,SB,,
JMR,1822,TS,,
JMR,1823,SB,,
JMR,1824,TS,,
JMR,1825,SB,,
JMR,1826,SB,,
JMR,1827,SB,,
JMR,1828,TS,,
JMR,1829,SB,,
JMR,1830,SB,,
JMR,1831,TS,,
JMR,1832,TS,,
JMR,1833,SB,,
JMR,1834,SB,,
JMR,1835,SB,,
JMR,1836,SB,,
JMR,1837,TS,,
JMR,1838,SB,,
JMR,1839,SB,,
JMR,1840,SB,,
JMR,1841,SB,,
JMR,1842,TS,,
JMR,1843,SB,,
JMR,1844,TS,,
JMR,1845,SB,,
JMR,1846,SB,,
JMR,1847,SB,,
JMR,1848,SB,,
JMR,1849,SB,,
JMR,1850,SB,,
JMR,1851,SB,,
JMR,1852,SB,,
JMR,1853,SB,,
JMR,1854,SB,,
JMR,1855,SB,,
JMR,1856,SB,,
JMR,1857,SB,,
JMR,1858,SB,,
JMR,1859,SB,,
JMR,1860,SB,,
JMR,1861,TS,,
JMR,1862,TS,,
JMR,1863,SB,,
JMR,1864,SB,,
JMR,1865,SB,,
JMR,1866,SB,,
JMR,1867,SB,,
JMR,1868,SB,,
JMR,1869,SB,,
JMR,1870,SB,,
JMR,1871,SB,,
JMR,1872,SB,,
JMR,1873,SB,,
JMR,1874,SB,,
JMR,1875,SB,,
JMR,1876,SB,,
JMR,1877,SB,,
JMR,1878,SB,,
JMR,1879,SB,,
JMR,1880,SB,,
JMR,1881,SB,,
JMR,1882,SB,,
JMR,1883,SB,,
JMR,1884,SB,,
JMR,1885,SB,,
JMR,1886,SB,,
JMR,1887,TS,,
JMR,1888,TS,,
JMR,1889,TS,,
JMR,1890,SB,,
JMR,1891,SB,,
JMR,1892,SB,,
JMR,1893,SB,,
JMR,1894,SB,,
JMR,1895,SB,,
JMR,1896,SB,,
JMR,1897,SB,,
JMR,1898,TS,,
JMR,1899,TS,,
JMR,1900,SB,,
JMR,1901,SB,,
JMR,1902,SB,,
JMR,1903,TS,,
JMR,1904,SB,,
JMR,1905,TS,,
JMR,1906,SB,,
JMR,1907,TS,,
JMR,1908,TS,,
JMR,1909,TS,,
JMR,1910,SB,,
JMR,1911,SB,,
JMR,1912,SB,,
JMR,1913,SB,,
JMR,1914,SB,,
JMR,1915,SB,,
JMR,1916,SB,,
JMR,1917,SB,,
JMR,1918,SB,,
JMR,1919,SB,,
JMR,1920,SB,,
JMR,1921,SB,,
JMR,1922,SB,,
JMR,1923,SB,,
JMR,1924,SB,,
JMR,1925,SB,,
JMR,1926,SB,,
JMR,1927,SB,,
JMR,1928,SB,,
JMR,1929,SB,,
JMR,1930,SB,,
JMR,1931,SB,,
JMR,1932,SB,,
JMR,1933,SB,,
JMR,1934,SB,,
JMR,1935,SB,,
JMR,1936,TS,,
JMR,1937,SB,,
JMR,1938,SB,,
JMR,1939,SB,,
JMR,1940,SB,,
JMR,1941,SB,,
JMR,1942,SB,,
JMR,1943,SB,,
JMR,1944,SB,,
JMR,1945,SB,,
JMR,1946,SB,,
JMR,1947,SB,,
JMR,1948,SB,,
JMR,1949,SB,,
JMR,1950,SB,,
JMR,1951,SB,,
JMR,1952,SB,,
JMR,1953,TS,,
JMR,1954,TS,,
JMR,1955,TS,,
JMR,1956,TS,,
JMR,1957,SB,,
JMR,1958,TS,,
JMR,1959,TS,,
JMR,1960,TS,,
JMR,1961,TS,,
JMR,1962,SB,,
JMR,1963,TS,,
JMR,1964,TS,,
JMR,1965,TS,thanking teachers too,
JMR,1966,TS,,
JMR,1967,TS,,
JMR,1968,SB,,
JMR,1969,TS,,
JMR,1970,TS,,
JMR,1971,SB,,
JMR,1972,SB,,
JMR,1973,SB,,
JMR,1974,SB,,
JMR,1975,SB,,
JMR,1976,SB,,
JMR,1977,SB,,
JMR,1978,TS,,
JMR,1979,SB,,
JMR,1980,SB,,
JMR,1981,SB,,
JMR,1982,TS,,
JMR,1983,SB,,
JMR,1984,SB,,
JMR,1985,SB,,
JMR,1986,SB,,
JMR,1987,SB,,
JMR,1988,SB,,
JMR,1989,SB,,
JMR,1990,SB,,
JMR,1991,SB,,
JMR,1992,SB,,
JMR,1993,TS,,
JMR,1994,SB,,
JMR,1995,TS,,
JMR,1996,TS,,
JMR,1997,SB,,
JMR,1998,SB,,
JMR,1999,SB,,
JWR,2000,SB,,
JWR,2001,SB,,
JWR,2002,SB,,
JWR,2003,SB,,
JWR,2004,SB,,
JWR,2005,TS,,
JWR,2006,TS,,
JWR,2007,SB,,
JWR,2008,SB,,
JWR,2009,SB,,
JWR,2010,SB,,
JWR,2011,SB,,
JWR,2012,SB,,
JWR,2013,SB,,
JWR,2014,SB,,
JWR,2015,SB,,
JWR,2016,SB,,
JWR,2017,TS,,
JWR,2018,SB,,
JWR,2019,SB,,
JWR,2020,SB,,
JWR,2021,SB,,
JWR,2022,SB,,
JWR,2023,SB,,
JWR,2024,SB,,
JWR,2025,SB,,
JWR,2026,SB,,
JWR,2027,SB,,
JWR,2028,SB,,
JWR,2029,SB,,
JWR,2030,SB,,
JWR,2031,SB,,
JWR,2032,SB,,
JWR,2033,SB,,
JWR,2034,SB,,
JWR,2035,SB,,
JWR,2036,SB,,
JWR,2037,SB,,
JWR,2038,SB,,
JWR,2039,SB,,
JWR,2040,SB,,
JWR,2041,SB,,
JWR,2042,SB,,
JWR,2043,SB,,
JWR,2044,SB,,
JWR,2045,SB,,
JWR,2046,SB,,
JWR,2047,SB,,
JWR,2048,SB,,
JWR,2049,SB,,
JWR,2050,SB,,
JWR,2051,TS,,
JWR,2052,SB,,
JWR,2053,SB,,
JWR,2054,TS,,
JWR,2055,OT,,
JWR,2056,SB,,
JWR,2057,SB,,
JWR,2058,SB,,
JWR,2059,SB,,
JWR,2060,SB,,
JWR,2061,TS,,
JWR,2062,SB,,
JWR,2063,SB,,
JWR,2064,SB,,
JWR,2065,SB,,
JWR,2066,SB,,
JWR,2067,SB,,
JWR,2068,TS,,
JWR,2069,TS,,
JWR,2070,SB,,
JWR,2071,SB,,
JWR,2072,OT,,
JWR,2073,SB,,
JWR,2074,TS,,
JWR,2075,TS,,
JWR,2076,TS,,
JWR,2077,TS,,
JWR,2078,TS,,
JWR,2079,TS,,
JWR,2080,TS,,
JWR,2081,TS,,
JWR,2082,TS,,
JWR,2083,TS,,
JWR,2084,TS,,
JWR,2085,TS,,
JWR,2086,TS,,
JWR,2087,TS,,
JWR,2088,TS,,
JWR,2089,TS,,
JWR,2090,TS,,
JWR,2091,TS,,
JWR,2092,TS,,
JWR,2093,TS,,
JWR,2094,TS,,
JWR,2095,TS,,
JWR,2096,TS,,
JWR,2097,TS,,
JWR,2098,TS,,
JWR,2099,TS,,
JWR,2100,TS,,
JWR,2101,TS,,
JWR,2102,TS,,
JWR,2103,TS,,
JWR,2104,TS,,
JWR,2105,TS,,
JWR,2106,TS,,
JWR,2107,TS,,
JWR,2108,TS,,
JWR,2109,TS,,
JWR,2110,TS,,
JWR,2111,TS,,
JWR,2112,TS,,
JWR,2113,SB,,
JWR,2114,SB,,
JWR,2115,TS,,
JWR,2116,SB,,
JWR,2117,SB,,
JWR,2118,SB,,
JWR,2119,TS,,
JWR,2120,SB,,
JWR,2121,SB,,
JWR,2122,SB,,
JWR,2123,SB,,
JWR,2124,SB,,
JWR,2125,SB,,
JWR,2126,SB,,
JWR,2127,SB,,
JWR,2128,SB,,
JWR,2129,SB,,
JWR,2130,SB,,
JWR,2131,TS,,
JWR,2132,TS,,
JWR,2133,TS,,
JWR,2134,SB,,
JWR,2135,SB,,
JWR,2136,SB,,
JWR,2137,SB,,
JWR,2138,SB,,
JWR,2139,SB,,
JWR,2140,SB,,
JWR,2141,SB,,
JWR,2142,TS,,
JWR,2143,SB,,
JWR,2144,SB,,
JWR,2145,SB,,
JWR,2146,SB,,
JWR,2147,SB,,
JWR,2148,SB,,
JWR,2149,SB,,
JWR,2150,SB,,
JWR,2151,SB,,
JWR,2152,SB,,
JWR,2153,SB,,
JWR,2154,SB,,
JWR,2155,SB,,
JWR,2156,SB,,
JWR,2157,SB,,
JWR,2158,SB,,
JWR,2159,SB,,
JWR,2160,SB,,
JWR,2161,SB,,
JWR,2162,SB,,
JWR,2163,SB,,
JWR,2164,SB,,
JWR,2165,SB,,
JWR,2166,SB,,
JWR,2167,SB,,
JWR,2168,SB,,
JWR,2169,SB,,
JWR,2170,SB,,
JWR,2171,TS,,
JWR,2172,SB,,
JWR,2173,SB,,
JWR,2174,TS,,
JWR,2175,SB,,
JWR,2176,TS,,
JWR,2177,TS,,
JWR,2178,TS,,
JWR,2179,TS,,
JWR,2180,SB,,
JWR,2181,SB,,
JWR,2182,SB,,
JWR,2183,SB,,
JWR,2184,SB,,
JWR,2185,SB,,
JWR,2186,SB,,
JWR,2187,SB,,
JWR,2188,SB,,
JWR,2189,SB,,
JWR,2190,SB,,
JWR,2191,SB,,
JWR,2192,SB,,
JWR,2193,SB,,
JWR,2194,SB,,
JWR,2195,SB,,
JWR,2196,SB,,
JWR,2197,SB,,
JWR,2198,SB,,
JWR,2199,SB,,
JWR,2200,SB,,
JWR,2201,SB,,
JWR,2202,SB,,
JWR,2203,SB,,
JWR,2204,SB,,
JWR,2205,SB,,
JWR,2206,TF,,
JWR,2207,TF,,
JWR,2208,TF,,
JWR,2209,SB,,
JWR,2210,SB,,
JWR,2211,SB,,
JWR,2212,SB,,
JWR,2213,SB,,
JWR,2214,SB,,
JWR,2215,SB,,
JWR,2216,SB,,
JWR,2217,TS,,
JWR,2218,SB,,
JWR,2219,TS,,
JWR,2220,SB,,
JWR,2221,SB,,
JWR,2222,SB,,
JWR,2223,SB,,
JWR,2224,SB,,
JWR,2225,SB,,
JWR,2226,SB,,
JWR,2227,SB,,
JWR,2228,SB,,
JWR,2229,SB,,
JWR,2230,SB,,
JWR,2231,SB,,
JWR,2232,SB,,
JWR,2233,SB,CHECK OUT MSROZEMA,
JWR,2234,SB,,
JWR,2235,SB,,
JWR,2236,SB,,
JWR,2237,SB,,
JWR,2238,SB,,
JWR,2239,TS,,
JWR,2240,TS,,
JWR,2241,SB,,
JWR,2242,SB,,
JWR,2243,SB,,
JWR,2244,SB,,
JWR,2245,SB,,
JWR,2246,SB,,
JWR,2247,SB,,
JWR,2248,SB,,
JWR,2249,SB,,
JWR,2250,TS,,
JWR,2251,TS,,
JWR,2252,TS,,
JWR,2253,SB,,
JWR,2254,SB,,
JWR,2255,SB,,
JWR,2256,SB,,
JWR,2257,SB,,
JWR,2258,TS,,
JWR,2259,SB,,
JWR,2260,TS,,
JWR,2261,TS,,
JWR,2262,TS,,
JWR,2263,TS,,
JWR,2264,TS,,
JWR,2265,TS,,
JWR,2266,TS,,
JWR,2267,TS,,
JWR,2268,TS,,
JWR,2269,TS,,
JWR,2270,TS,,
JWR,2271,TS,,
JWR,2272,TS,,
JWR,2273,TS,,
JWR,2274,TS,,
JWR,2275,TS,,
JWR,2276,TS,,
JWR,2277,TS,,
JWR,2278,TS,,
JWR,2279,TS,,
JWR,2280,TS,,
JWR,2281,TS,,
JWR,2282,TS,,
JWR,2283,TS,,
JWR,2284,TS,,
JWR,2285,TS,,
JWR,2286,TS,,
JWR,2287,TS,,
JWR,2288,TS,,
JWR,2289,TS,,
JWR,2290,TS,,
JWR,2291,TS,,
JWR,2292,TS,,
JWR,2293,TS,,
JWR,2294,TS,,
JWR,2295,TS,,
JWR,2296,TS,,
JWR,2297,TS,,
JWR,2298,SB,,
JWR,2299,SB,,
JMR,2300,TS,,
JMR,2301,TS,,
JMR,2302,SB,,
JMR,2303,SB,,
JMR,2304,TS,,
JMR,2305,SB,,
JMR,2306,SB,,
JMR,2307,SB,,
JMR,2308,SB,,
JMR,2309,SB,,
JMR,2310,SB,,
JMR,2311,SB,,
JMR,2312,TS,,
JMR,2313,TS,,
JMR,2314,TS,,
JMR,2315,SB,,
JMR,2316,SB,,
JMR,2317,SB,,
JMR,2318,SB,,
JMR,2319,SB,,
JMR,2320,SB,,
JMR,2321,SB,,
JMR,2322,TS,,
JMR,2323,SB,,
JMR,2324,TS,,
JMR,2325,TS,,
JMR,2326,SB,,
JMR,2327,SB,,
JMR,2328,SB,,
JMR,2329,SB,,
JMR,2330,SB,,
JMR,2331,SB,,
JMR,2332,SB,,
JMR,2333,SB,,
JMR,2334,SB,,
JMR,2335,TF,,
JMR,2336,SB,,
JMR,2337,TS,,
JMR,2338,SB,,
JMR,2339,TS,,
JMR,2340,SB,,
JMR,2341,SB,,
JMR,2342,SB,,
JMR,2343,SB,,
JMR,2344,SB,,
JMR,2345,SB,,
JMR,2346,SB,,
JMR,2347,SB,,
JMR,2348,SB,,
JMR,2349,SB,,
JMR,2350,SB,,
JMR,2351,SB,,
JMR,2352,SB,,
JMR,2353,TS,,
JMR,2354,SB,,
JMR,2355,SB,,
JMR,2356,SB,,
JMR,2357,SB,,
JMR,2358,SB,,
JMR,2359,SB,,
JMR,2360,SB,,
JMR,2361,SB,,
JMR,2362,SB,,
JMR,2363,SB,,
JMR,2364,TS,,
JMR,2365,SB,,
JMR,2366,TS,,
JMR,2367,SB,,
JMR,2368,TS,,
JMR,2369,SB,,
JMR,2370,TS,,
JMR,2371,TS,,
JMR,2372,SB,,
JMR,2373,TS,,
JMR,2374,TS,,
JMR,2375,TS,,
JMR,2376,TS,,
JMR,2377,TS,,
JMR,2378,TS,,
JMR,2379,TS,,
JMR,2380,TS,,
JMR,2381,TS,,
JMR,2382,TS,,
JMR,2383,TS,,
JMR,2384,TS,,
JMR,2385,TS,,
JMR,2386,TS,,
JMR,2387,TS,,
JMR,2388,TS,,
JMR,2389,TS,,
JMR,2390,TS,,
JMR,2391,TS,,
JMR,2392,TS,,
JMR,2393,TS,,
JMR,2394,TS,,
JMR,2395,TS,,
JMR,2396,TS,,
JMR,2397,TS,,
JMR,2398,TS,,
JMR,2399,TS,,
JMR,2400,TS,,
JMR,2401,TS,,
JMR,2402,TS,,
JMR,2403,TS,,
JMR,2404,TS,,
JMR,2405,TS,,
JMR,2406,TS,,
JMR,2407,TS,,
JMR,2408,TS,,
JMR,2409,TS,,
JMR,2410,TS,,
JMR,2411,TS,,
JMR,2412,TS,,
JMR,2413,TS,,
JMR,2414,TS,,
JMR,2415,TS,,
JMR,2416,TS,,
JMR,2417,TS,,
JMR,2418,TS,,
JMR,2419,TS,,
JMR,2420,TS,,
JMR,2421,TS,,
JMR,2422,TS,,
JMR,2423,TS,,
JMR,2424,TS,,
JMR,2425,TS,,
JMR,2426,TS,,
JMR,2427,TS,,
JMR,2428,TS,,
JMR,2429,TS,,
JMR,2430,TS,,
JMR,2431,TS,,
JMR,2432,TS,,
JMR,2433,TS,,
JMR,2434,TS,,
JMR,2435,TS,,
JMR,2436,TS,,
JMR,2437,TS,,
JMR,2438,TS,,
JMR,2439,TS,,
JMR,2440,TS,,
JMR,2441,TS,,
JMR,2442,SB,,
JMR,2443,SB,,
JMR,2444,SB,,
JMR,2445,SB,,
JMR,2446,SB,,
JMR,2447,TS,,
JMR,2448,SB,,
JMR,2449,SB,,
JMR,2450,SB,,
JMR,2451,SB,,
JMR,2452,SB,,
JMR,2453,SB,,
JMR,2454,SB,,
JMR,2455,SB,,
JMR,2456,SB,what isn't phenomenon,
JMR,2457,SB,,
JMR,2458,SB,,
JMR,2459,SB,,
JMR,2460,TS,,
JMR,2461,SB,,
JMR,2462,SB,,
JMR,2463,TS,,
JMR,2464,TS,,
JMR,2465,TS,,
JMR,2466,TS,,
JMR,2467,TS,,
JMR,2468,SB,,
JMR,2469,SB,,
JMR,2470,SB,,
JMR,2471,TS,,
JMR,2472,TS,,
JMR,2473,SB,,
JMR,2474,SB,,
JMR,2475,TS,,
JMR,2476,TS,,
JMR,2477,SB,,
JMR,2478,TS,,
JMR,2479,SB,,
JMR,2480,SB,,
JMR,2481,TS,,
JMR,2482,SB,,
JMR,2483,TS,,
JMR,2484,SB,,
JMR,2485,SB,,
JMR,2486,SB,,
JMR,2487,SB,,
JMR,2488,SB,,
JMR,2489,SB,,
JMR,2490,SB,,
JMR,2491,SB,,
JMR,2492,SB,,
JMR,2493,SB,,
JMR,2494,SB,,
JMR,2495,SB,,
JMR,2496,SB,,
JMR,2497,SB,,
JMR,2498,SB,,
JMR,2499,SB,Good example,1
JMR,2500,SB,,
JMR,2501,SB,,
JMR,2502,SB,,
JMR,2503,SB,,
JMR,2504,SB,Another good example,1
JMR,2505,SB,,
JMR,2506,SB,,
JMR,2507,SB,,
JMR,2508,SB,,
JMR,2509,SB,,
JMR,2510,SB,,
JMR,2511,SB,,
JMR,2512,SB,,
JMR,2513,SB,,
JMR,2514,SB,,
JMR,2515,SB,,
JMR,2516,TS,,
JMR,2517,SB,,
JMR,2518,SB,,
JMR,2519,SB,,
JMR,2520,SB,,
JMR,2521,SB,,
JMR,2522,SB,,
JMR,2523,SB,,
JMR,2524,SB,,
JMR,2525,SB,,
JMR,2526,SB,,
JMR,2527,TS,,
JMR,2528,SB,,
JMR,2529,SB,,
JMR,2530,SB,,
JMR,2531,SB,,
JMR,2532,SB,,
JMR,2533,SB,,
JMR,2534,SB,,
JMR,2535,SB,,
JMR,2536,SB,,
JMR,2537,SB,,
JMR,2538,SB,,
JMR,2539,SB,,
JMR,2540,SB,,
JMR,2541,SB,,
JMR,2542,SB,,
JMR,2543,SB,,
JMR,2544,SB,,
JMR,2545,SB,,
JMR,2546,SB,,
JMR,2547,SB,,
JMR,2548,SB,,
JMR,2549,SB,,
JMR,2550,TS,,
JMR,2551,SB,,
JMR,2552,SB,,
JMR,2553,SB,,
JMR,2554,SB,,
JMR,2555,SB,,
JMR,2556,SB,,
JMR,2557,SB,,
JMR,2558,SB,,
JMR,2559,SB,,
JMR,2560,SB,,
JMR,2561,SB,,
JMR,2562,SB,,
JMR,2563,TS,,
JMR,2564,TS,,
JMR,2565,SB,,
JMR,2566,SB,,
JMR,2567,SB,,
JMR,2568,SB,,
JMR,2569,SB,,
JMR,2570,SB,,
JMR,2571,SB,,
JMR,2572,SB,,
JMR,2573,SB,,
JMR,2574,SB,,
JMR,2575,TS,,
JMR,2576,SB,,
JMR,2577,SB,,
JMR,2578,SB,,
JMR,2579,SB,,
JMR,2580,SB,,
JMR,2581,SB,,
JMR,2582,SB,,
JMR,2583,SB,,
JMR,2584,TS,,
JMR,2585,TS,,
JMR,2586,SB,,
JMR,2587,SB,,
JMR,2588,SB,,
JMR,2589,SB,,
JMR,2590,SB,,
JMR,2591,SB,,
JMR,2592,SB,,
JMR,2593,SB,,
JMR,2594,SB,,
JMR,2595,SB,,
JMR,2596,SB,,
JMR,2597,SB,,
JMR,2598,SB,,
JMR,2599,SB,,
JMR,2600,SB,,
JMR,2601,TS,,
JMR,2602,SB,,
JMR,2603,SB,,
JMR,2604,SB,,
JMR,2605,TS,,
JMR,2606,SB,,
JMR,2607,SB,,
JMR,2608,SB,,
JMR,2609,SB,,
JMR,2610,SB,,
JMR,2611,SB,,
JMR,2612,SB,,
JMR,2613,SB,,
JMR,2614,SB,,
JMR,2615,SB,,
JMR,2616,SB,,
JMR,2617,SB,,
JMR,2618,SB,,
JWR,uc-1,TS,,
JWR,uc-2,TS,,
JWR,uc-3,RT,,
JWR,uc-4,TS,,
JWR,uc-5,TS,,
JWR,uc-6,RT,,
JWR,uc-7,TS,,
JWR,uc-8,TS,,
JWR,uc-9,TS,,
JWR,uc-10,TS,,
JWR,uc-11,RT,,
JWR,uc-12,TS,,
JWR,uc-13,TS,,
JWR,uc-14,TS,,
JWR,uc-15,TS,,
JWR,uc-16,TS,,
JWR,uc-17,TS,,
JWR,uc-18,TS,,
JWR,uc-19,TS,,
JWR,uc-20,TS,,
JWR,uc-21,TS,,
JWR,uc-22,TS,,
JWR,uc-23,TS,,
JWR,uc-24,TS,,
JWR,uc-25,TS,,
JWR,uc-26,TS,,
JWR,uc-27,TS,,
JWR,uc-28,TS,,
JWR,uc-29,TS,,
JWR,uc-30,TS,,
JWR,uc-31,TS,,
JWR,uc-32,TS,,
JWR,uc-33,TS,,
JWR,uc-34,TS,,
JWR,uc-35,TS,,
JWR,uc-36,RT,,
JWR,uc-37,RT,,
JWR,uc-38,TS,,
JWR,uc-39,TS,,
JWR,uc-40,TS,,
JWR,uc-41,TS,,
JWR,uc-42,TS,,
JWR,uc-43,TS,,
JWR,uc-44,TS,,
JWR,uc-45,RT,,
JWR,uc-46,TS,,
JWR,uc-47,RT,,
JWR,uc-48,TS,,
JWR,uc-49,TS,,
JWR,uc-50,TS,,
JWR,uc-51,RT,,
JWR,uc-52,TS,,
JWR,uc-53,TS,,
JWR,uc-54,RT,,
JWR,uc-55,RT,,
JWR,uc-56,TS,,
JWR,uc-57,TS,,
JWR,uc-58,TS,,
JWR,uc-59,TS,,
JWR,uc-60,RT,,
JWR,uc-61,TS,,
JWR,uc-62,TS,,
JWR,uc-63,TS,,
JWR,uc-64,TS,,
JWR,uc-65,TS,,
JWR,uc-66,TS,,
JWR,uc-67,TS,,
JWR,uc-68,TS,,
JWR,uc-69,TS,,
JWR,uc-70,RT,,
JWR,uc-71,TS,,
JWR,uc-72,TS,,
JWR,uc-73,TS,,
JWR,uc-74,TS,,
JWR,uc-75,TS,,
JWR,uc-76,TS,,
JWR,uc-77,TS,,
JWR,uc-78,TS,,
JWR,uc-79,TS,,
JWR,uc-80,TS,,
JWR,uc-81,TS,,
JWR,uc-82,TS,,
JWR,uc-83,TS,,
JWR,uc-84,TS,,
JWR,uc-85,TS,,
JWR,uc-86,TS,,
JWR,uc-87,TS,,
JWR,uc-88,TS,,
JWR,uc-89,TS,,
JWR,uc-90,TS,,
JWR,uc-91,TS,,
JWR,uc-92,TS,,
JWR,uc-93,TS,,
JWR,uc-94,TS,,
JWR,uc-95,TS,,
JWR,uc-96,TS,,
JWR,uc-97,TS,,
JWR,uc-98,TS,,
JWR,uc-99,TS,,
JWR,uc-100,TS,,
JWR,uc-101,TS,,
JWR,uc-102,TS,,
JWR,uc-103,TS,,
JWR,uc-104,RT,,
JWR,uc-105,TS,,
JWR,uc-106,TS,,
JWR,uc-107,TS,,
JWR,uc-108,TS,,
JWR,uc-109,TS,,
JWR,uc-110,TS,,
JWR,uc-111,TS,,
JWR,uc-112,TS,,
JWR,uc-113,TS,,
JWR,uc-114,TS,,
JWR,uc-115,TS,,
JWR,uc-116,TS,,
JWR,uc-117,TS,,
JWR,uc-118,TS,,
JWR,uc-119,TS,,
JWR,uc-120,TS,,
JWR,uc-121,TS,,
JWR,uc-122,TS,,
JWR,uc-123,TS,,
JWR,uc-124,TS,,
JWR,uc-125,RT,,
JWR,uc-126,TS,,
JWR,uc-127,TS,,
JWR,uc-128,TS,,
JWR,uc-129,TS,,
JWR,uc-130,TS,,
JWR,uc-131,TS,,
JWR,uc-132,TS,,
JWR,uc-133,TS,,
JWR,uc-134,TS,,
JWR,uc-135,TS,,
JWR,uc-136,TS,,
JWR,uc-137,TS,,
JWR,uc-138,TS,,
JWR,uc-139,TS,,
JWR,uc-140,TS,,
JWR,uc-141,TS,,
JWR,uc-142,TS,,
JWR,uc-143,TS,,
JWR,uc-144,TS,,
JWR,uc-145,TS,,
JWR,uc-146,TS,,
JWR,uc-147,TS,,
JWR,uc-148,TS,,
JWR,uc-149,TS,,
JWR,uc-150,TS,,
JWR,uc-151,TS,,
JWR,uc-152,TS,,
JWR,uc-153,TS,,
JWR,uc-154,TS,,
JWR,uc-155,TS,,
JWR,uc-156,TS,,
JWR,uc-157,TS,,
JWR,uc-158,TS,,
JWR,uc-159,TS,,
JWR,uc-160,TS,,
JWR,uc-161,TS,,
JWR,uc-162,TS,,
JWR,uc-163,TS,,
JWR,uc-164,TS,,
JWR,uc-165,TS,,
JWR,uc-166,TS,,
JWR,uc-167,TS,,
JWR,uc-168,TS,,
JWR,uc-169,TS,,
JWR,uc-170,TS,,
JWR,uc-171,TS,,
JWR,uc-172,TS,,
JWR,uc-173,TS,,
JWR,uc-174,TS,,
JWR,uc-175,TS,,
JWR,uc-176,TS,,
JWR,uc-177,TS,,
JWR,uc-178,TS,,
JWR,uc-179,TS,,
JWR,uc-180,TS,,
JWR,uc-181,TS,,
JWR,uc-182,TS,,
JWR,uc-183,TS,,
JWR,uc-184,TS,,
JWR,uc-185,TS,,
JWR,uc-186,TS,,
JWR,uc-187,TS,,
JWR,uc-188,TS,,
JWR,uc-189,TS,,
JWR,uc-190,TS,,
JWR,uc-191,TS,,
JWR,uc-192,TS,,
JWR,uc-193,TS,,
JWR,uc-194,TS,,
JWR,uc-195,TS,,
JWR,uc-196,TS,,
JWR,uc-197,TS,,
JWR,uc-198,TS,,
JWR,uc-199,TS,,
JWR,uc-200,TS,,
JWR,uc-201,TS,,
JWR,uc-202,TS,,
JWR,uc-203,TS,,
JWR,uc-204,TS,,
JWR,uc-205,TS,,
JWR,uc-206,TS,,
JWR,uc-207,TS,,
JWR,uc-208,RT,,
JWR,uc-209,TS,,
JWR,uc-210,TS,,
JWR,uc-211,TS,,
JWR,uc-212,TS,,
JWR,uc-213,TS,,
JWR,uc-214,TS,,
JWR,uc-215,TS,,
JWR,uc-216,TS,,
JWR,uc-217,RT,,
JWR,uc-218,TS,,
JWR,uc-219,TS,,
JWR,uc-220,TS,,
JWR,uc-221,TS,,
JWR,uc-222,TS,,
JWR,uc-223,TS,,
JWR,uc-224,RT,,
JWR,uc-225,TS,,
JWR,uc-226,TS,,
JWR,uc-227,TS,,
JWR,uc-228,TS,,
JWR,uc-229,TS,,
JWR,uc-230,TS,,
JWR,uc-231,TS,,
JWR,uc-232,TS,,
JWR,uc-233,TS,,
JWR,uc-234,TS,,
JWR,uc-235,TS,,
JWR,uc-236,TS,,
JWR,uc-237,TS,,
JWR,uc-238,TS,,
JWR,uc-239,TS,,
JWR,uc-240,TS,,
JWR,uc-241,TS,,
JWR,uc-242,TS,,
JWR,uc-243,TS,,
JWR,uc-244,TS,,
JWR,uc-245,TS,,
JWR,uc-246,RT,,
JWR,uc-247,TS,,
JWR,uc-248,TS,,
JWR,uc-249,TS,,
JWR,uc-250,TS,,
JWR,uc-251,RT,,
JWR,uc-252,TS,,
JWR,uc-253,TS,,
JWR,uc-254,RT,,
JWR,uc-255,RT,,
JWR,uc-256,RT,,
JWR,uc-257,TS,,
JWR,uc-258,TS,,
JWR,uc-259,TS,,
JWR,uc-260,TS,,
JWR,uc-261,TS,,
JWR,uc-262,TS,,
JWR,uc-263,RT,,
JWR,uc-264,TS,,
JWR,uc-265,TS,,
JWR,uc-266,TS,,
JWR,uc-267,TS,,
JWR,uc-268,RT,,
JWR,uc-269,TS,,
JWR,uc-270,TS,,
JWR,uc-271,TS,,
JWR,uc-272,TS,,
JWR,uc-273,TS,,
JWR,uc-274,TS,,
JWR,uc-275,TS,,
JWR,uc-276,TS,,
JWR,uc-277,TS,,
JWR,uc-278,TS,,
JWR,uc-279,TS,,
JWR,uc-280,RT,,
JWR,uc-281,TS,,
JWR,uc-282,TS,,
JWR,uc-283,TS,,
JWR,uc-284,TS,,
JWR,uc-285,TS,,
JWR,uc-286,TS,,
JWR,uc-287,TS,,
JWR,uc-288,TS,,
JWR,uc-289,TS,,
JWR,uc-290,TS,,
JWR,uc-291,TS,,
JWR,uc-292,RT,,
JWR,uc-293,RT,,
JWR,uc-294,TS,,
JWR,uc-295,TS,,
JWR,uc-296,TS,,
JWR,uc-297,TS,,
JWR,uc-298,TS,,
JWR,uc-299,RT,,
JWR,uc-300,TS,,
JWR,uc-301,RT,,
JWR,uc-302,TS,,
JWR,uc-303,TS,,
JWR,uc-304,TS,,
JWR,uc-305,TS,,
JWR,uc-306,TS,,
JWR,uc-307,TS,,
JWR,uc-308,TS,,
JWR,uc-309,TS,,
JWR,uc-310,TS,,
JWR,uc-311,TS,,
JWR,uc-312,TS,,
JWR,uc-313,TS,,
JWR,uc-314,TS,,
JWR,uc-315,TS,,
JWR,uc-316,TS,,
JWR,uc-317,TS,,
JWR,uc-318,TS,,
JWR,uc-319,TS,,
JWR,uc-320,TS,,
JWR,uc-321,TS,,
JWR,uc-322,TS,,
JWR,uc-323,TS,,
JWR,uc-324,TS,,
JWR,uc-325,TS,,
JWR,uc-326,TS,,
JWR,uc-327,TS,,
JWR,uc-328,RT,,
JWR,uc-329,TS,,
JWR,uc-330,TS,,
JWR,uc-331,TS,,
JWR,uc-332,TS,,
JWR,uc-333,RT,,
JWR,uc-334,RT,,
JWR,uc-335,TS,,
JWR,uc-336,TS,,
JWR,uc-337,TS,,
JWR,uc-338,TS,,
JWR,uc-339,TS,,
JWR,uc-340,TS,,
JWR,uc-341,TS,,
JWR,uc-342,TS,,
JWR,uc-343,RT,,
JWR,uc-344,TS,,
JWR,uc-345,RT,,
JWR,uc-346,RT,,
JWR,uc-347,TS,,
JWR,uc-348,RT,,
JWR,uc-349,RT,,
JWR,uc-350,RT,,
JWR,uc-351,TS,,
JWR,uc-352,TS,,
JWR,uc-353,TS,,
JWR,uc-354,TS,,
JWR,uc-355,TS,,
JWR,uc-356,TS,,
JWR,uc-357,TS,,
JWR,uc-358,TS,,
JWR,uc-359,TS,,
JWR,uc-360,TS,,
JWR,uc-361,TS,,
JWR,uc-362,TS,,
JWR,uc-363,TS,,
JWR,uc-364,TS,,
JWR,uc-365,TS,,
JWR,uc-366,TS,,
JWR,uc-367,TS,,
JWR,uc-368,TS,,
JWR,uc-369,TS,,
JWR,uc-370,TS,,
JWR,uc-371,TS,,
JWR,uc-372,TS,,
JWR,uc-373,TS,,
JWR,uc-374,TS,,
JWR,uc-375,TS,,
JWR,uc-376,TS,,
JWR,uc-377,TS,,
JWR,uc-378,TS,,
JWR,uc-379,TS,,
JWR,uc-380,TS,,
JWR,uc-381,TS,,
JWR,uc-382,TS,,
JWR,uc-383,TS,,
JWR,uc-384,TS,,
JWR,uc-385,TS,,
JWR,uc-386,TS,,
JWR,uc-387,RT,,
JWR,uc-388,TS,,
JWR,uc-389,TS,,
JWR,uc-390,RT,,
JWR,uc-391,TS,,
JWR,uc-392,TS,,
JWR,uc-393,RT,,
JWR,uc-394,TS,,
JWR,uc-395,RT,,
JWR,uc-396,TS,,
JWR,uc-397,TS,,
JWR,uc-398,TS,,
JWR,uc-399,TS,,
JWR,uc-400,TS,,
JWR,uc-401,TS,,
JWR,uc-402,TS,,
JWR,uc-403,TS,,
JWR,uc-404,TS,,
JWR,uc-405,TS,,
JWR,uc-406,TS,,
JWR,uc-407,TS,,
JWR,uc-408,TS,,
JWR,uc-409,TS,,
JWR,uc-410,TS,,
JWR,uc-411,TS,,
JWR,uc-412,TS,,
JWR,uc-413,TS,,
JWR,uc-414,TS,,
JWR,uc-415,TS,,
JWR,uc-416,TS,,
JWR,uc-417,TS,,
JWR,uc-418,TS,,
JWR,uc-419,TS,,
JWR,uc-420,TS,,
JWR,uc-421,TS,,
JWR,uc-422,TS,,
JWR,uc-423,TS,,
JWR,uc-424,TS,,
JWR,uc-425,TS,,
JWR,uc-426,TS,,
JWR,uc-427,TS,,
JWR,uc-428,RT,,
JWR,uc-429,TS,,
JWR,uc-430,TS,,
JWR,uc-431,TS,,
JWR,uc-432,TS,,
JWR,uc-433,TS,,
JWR,uc-434,TS,,
JWR,uc-435,RT,,
JWR,uc-436,TS,,
JWR,uc-437,TS,,
JWR,uc-438,TS,,
JWR,uc-439,RT,,
JWR,uc-440,TS,,
JWR,uc-441,TS,,
JWR,uc-442,TS,,
JWR,uc-443,TS,,
JWR,uc-444,RT,,
JWR,uc-445,TS,,
JWR,uc-446,TS,,
JWR,uc-447,TS,,
JWR,uc-448,TS,,
JWR,uc-449,RT,,
JWR,uc-450,RT,,
JWR,uc-451,TS,,
JWR,uc-452,TS,,
JWR,uc-453,TS,,
JWR,uc-454,RT,,
JWR,uc-455,TS,,
JWR,uc-456,TS,,
JWR,uc-457,RT,,
JWR,uc-458,TS,,
JWR,uc-459,TS,,
JWR,uc-460,TS,,
JWR,uc-461,TS,,
JWR,uc-462,TS,,
JWR,uc-463,TS,,
JWR,uc-464,RT,,
JWR,uc-465,TS,,
JWR,uc-466,TS,,
JWR,uc-467,RT,,
JWR,uc-468,TS,,
JWR,uc-469,RT,,
JWR,uc-470,RT,,
JWR,uc-471,TS,,
JWR,uc-472,TS,,
JWR,uc-473,TS,,
JWR,uc-474,TS,,
JWR,uc-475,TS,,
JWR,uc-476,TS,,
JWR,uc-477,TS,,
JWR,uc-478,TS,,
JWR,uc-479,TS,,
JWR,uc-480,TS,,
JWR,uc-481,TS,,
JWR,uc-482,TS,,
JWR,uc-483,TS,,
JWR,uc-484,TS,,
JWR,uc-485,TS,,
JWR,uc-486,TS,,
JWR,uc-487,TS,,
JWR,uc-488,TS,,
JWR,uc-489,TS,,
JWR,uc-490,TS,,
JWR,uc-491,TS,,
JWR,uc-492,TS,,
JWR,uc-493,TS,,
JWR,uc-494,TS,,
JWR,uc-495,TS,,
JWR,uc-496,TS,,
JWR,uc-497,TS,,
JWR,uc-498,TS,,
JWR,uc-499,TS,,
JWR,uc-500,TS,,
JWR,uc-501,TS,,
JWR,uc-502,TS,,
JWR,uc-503,TS,,
JWR,uc-504,TS,,
JWR,uc-505,TS,,
JWR,uc-506,TS,,
JWR,uc-507,TS,,
JWR,uc-508,TS,,
JWR,uc-509,TS,,
JWR,uc-510,TS,,
JWR,uc-511,TS,,
JWR,uc-512,TS,,
JWR,uc-513,TS,,
JWR,uc-514,TS,,
JWR,uc-515,TS,,
JWR,uc-516,TS,,
JWR,uc-517,TS,,
JWR,uc-518,TS,,
JWR,uc-519,TS,,
JWR,uc-520,TS,,
JWR,uc-521,TS,,
JWR,uc-522,TS,,
JWR,uc-523,TS,,
JWR,uc-524,TS,,
JWR,uc-525,TS,,
JWR,uc-526,TS,,
JWR,uc-527,TS,,
JWR,uc-528,TS,,
JWR,uc-529,TS,,
JWR,uc-530,TS,,
JWR,uc-531,TS,,
JWR,uc-532,TS,,
JWR,uc-533,TS,,
JWR,uc-534,TS,,
JWR,uc-535,TS,,
JWR,uc-536,TS,,
JWR,uc-537,TS,,
JWR,uc-538,TS,,
JWR,uc-539,TS,,
JWR,uc-540,TS,,
JWR,uc-541,RT,,
JWR,uc-542,TS,,
JWR,uc-543,TS,,
JWR,uc-544,RT,,
JWR,uc-545,RT,,
JWR,uc-546,TS,,
JWR,uc-547,TS,,
JWR,uc-548,TS,,
JWR,uc-549,TS,,
JWR,uc-550,TS,,
JWR,uc-551,TS,,
JWR,uc-552,TS,,
JWR,uc-553,TS,,
JWR,uc-554,TS,,
JWR,uc-555,RT,,
JWR,uc-556,RT,,
JWR,uc-557,TS,,
JWR,uc-558,TS,,
JWR,uc-559,TS,,
JWR,uc-560,TS,,
JWR,uc-561,TS,,
JWR,uc-562,TS,,
JWR,uc-563,TS,,
JWR,uc-564,TS,,
JWR,uc-565,TS,,
JWR,uc-566,TS,,
JWR,uc-567,TS,,
JWR,uc-568,TS,,
JWR,uc-569,TS,,
JWR,uc-570,TS,,
JWR,uc-571,TS,,
JWR,uc-572,TS,,
JWR,uc-573,TS,,
JWR,uc-574,TS,,
JWR,uc-575,TS,,
JWR,uc-576,TS,,
JWR,uc-577,TS,,
JWR,uc-578,TS,,
JWR,uc-579,TS,,
JWR,uc-580,TS,,
JWR,uc-581,TS,,
JWR,uc-582,TS,,
JWR,uc-583,TS,,
JWR,uc-584,TS,,
JWR,uc-585,TS,,
JWR,uc-586,TS,,
JWR,uc-587,TS,,
JWR,uc-588,TS,,
JWR,uc-589,TS,,
JWR,uc-590,TS,,
JWR,uc-591,TS,,
JWR,uc-592,TS,,
JWR,uc-593,TS,,
JWR,uc-594,TS,,
JWR,uc-595,TS,,
JWR,uc-596,TS,,
JWR,uc-597,TS,,
JWR,uc-598,TS,,
JWR,uc-599,TS,,
JWR,uc-600,TS,,
JWR,uc-601,TS,,
JWR,uc-602,TS,,
JWR,uc-603,TS,,
JWR,uc-604,TS,,
JWR,uc-605,TS,,
JWR,uc-606,TS,,
JWR,uc-607,TS,,
JWR,uc-608,TS,,
JWR,uc-609,TS,,
JWR,uc-610,TS,,
JWR,uc-611,TS,,
JWR,uc-612,TS,,
JWR,uc-613,TS,,
JWR,uc-614,TS,,
JWR,uc-615,TS,,
JWR,uc-616,TS,,
JWR,uc-617,TS,,
JWR,uc-618,TS,,
JWR,uc-619,TS,,
JWR,uc-620,TS,,
JWR,uc-621,TS,,
JWR,uc-622,TS,,
JWR,uc-623,TS,,
JWR,uc-624,TS,,
JWR,uc-625,TS,,
JWR,uc-626,TS,,
JWR,uc-627,TS,,
JWR,uc-628,TS,,
JWR,uc-629,TS,,
JWR,uc-630,TS,,
JWR,uc-631,TS,,
JWR,uc-632,TS,,
JWR,uc-633,TS,,
JWR,uc-634,TS,,
JWR,uc-635,TS,,
JWR,uc-636,TS,,
JWR,uc-637,TS,,
JWR,uc-638,TS,,
JWR,uc-639,TS,,
JWR,uc-640,TS,,
JWR,uc-641,TS,,
JWR,uc-642,TS,,
JWR,uc-643,TS,,
JWR,uc-644,TS,,
JWR,uc-645,TS,,
JWR,uc-646,TS,,
JWR,uc-647,TS,,
JWR,uc-648,TS,,
JWR,uc-649,TS,,
JWR,uc-650,TS,,
JMR,uc-651,TS,,
JMR,uc-652,TS,,
JMR,uc-653,TS,,
JMR,uc-654,TS,,
JMR,uc-655,TS,,
JMR,uc-656,TS,,
JMR,uc-657,TS,,
JMR,uc-658,TS,,
JMR,uc-659,TS,,
JMR,uc-660,TS,,
JMR,uc-661,TS,,
JMR,uc-662,TS,,
JMR,uc-663,TS,,
JMR,uc-664,TS,,
JMR,uc-665,TS,,
JMR,uc-666,TS,,
JMR,uc-667,TS,,
JMR,uc-668,TS,,
JMR,uc-669,TS,,
JMR,uc-670,TS,,
JMR,uc-671,TS,,
JMR,uc-672,TS,,
JMR,uc-673,TS,,
JMR,uc-674,TS,,
JMR,uc-675,TS,,
JMR,uc-676,TS,,
JMR,uc-677,TS,,
JMR,uc-678,TS,,
JMR,uc-679,TS,,
JMR,uc-680,TS,,
JMR,uc-681,TS,,
JMR,uc-682,TS,,
JMR,uc-683,TS,,
JMR,uc-684,TS,,
JMR,uc-685,TS,,
JMR,uc-686,TS,,
JMR,uc-687,TS,,
JMR,uc-688,TS,,
JMR,uc-689,TS,,
JMR,uc-690,TS,,
JMR,uc-691,TS,,
JMR,uc-692,TS,,
JMR,uc-693,TS,,
JMR,uc-694,TS,,
JMR,uc-695,TS,,
JMR,uc-696,TS,,
JMR,uc-697,TS,,
JMR,uc-698,TS,,
JMR,uc-699,TS,,
JMR,uc-700,TS,,
JMR,uc-701,TS,,
JMR,uc-702,TS,,
JMR,uc-703,TS,,
JMR,uc-704,TS,,
JMR,uc-705,TS,,
JMR,uc-706,TS,,
JMR,uc-707,TS,,
JMR,uc-708,TS,,
JMR,uc-709,TS,,
JMR,uc-710,TS,,
JMR,uc-711,TS,,
JMR,uc-712,TS,,
JMR,uc-713,TS,,
JMR,uc-714,RT,,
JMR,uc-715,TS,,
JMR,uc-716,TS,,
JMR,uc-717,TS,,
JMR,uc-718,RT,,
JMR,uc-719,TS,,
JMR,uc-720,TS,,
JMR,uc-721,TS,,
JMR,uc-722,RT,,
JMR,uc-723,TS,,
JMR,uc-724,RT,,
JMR,uc-725,TS,,
JMR,uc-726,TS,,
JMR,uc-727,TS,,
JMR,uc-728,RT,,
JMR,uc-729,RT,,
JMR,uc-730,TS,,
JMR,uc-731,RT,,
JMR,uc-732,TS,,
JMR,uc-733,RT,,
JMR,uc-734,TS,,
JMR,uc-735,TS,,
JMR,uc-736,RT,,
JMR,uc-737,TS,,
JMR,uc-738,TS,,
JMR,uc-739,TS,,
JMR,uc-740,TS,,
JMR,uc-741,TS,,
JMR,uc-742,TS,,
JMR,uc-743,TS,,
JMR,uc-744,TS,,
JMR,uc-745,TS,,
JMR,uc-746,TS,,
JMR,uc-747,TS,,
JMR,uc-748,TS,,
JMR,uc-749,TS,,
JMR,uc-750,TS,,
JMR,uc-751,RT,,
JMR,uc-752,TS,,
JMR,uc-753,TS,,
JMR,uc-754,TS,,
JMR,uc-755,TS,,
JMR,uc-756,TS,,
JMR,uc-757,TS,,
JMR,uc-758,TS,,
JMR,uc-759,TS,,
JMR,uc-760,TS,,
JMR,uc-761,TS,,
JMR,uc-762,TS,,
JMR,uc-763,TS,,
JMR,uc-764,TS,,
JMR,uc-765,TS,,
JMR,uc-766,TS,,
JMR,uc-767,RT,,
JMR,uc-768,TS,,
JMR,uc-769,TS,,
JMR,uc-770,TS,,
JMR,uc-771,TS,,
JMR,uc-772,TS,,
JMR,uc-773,TS,,
JMR,uc-774,TS,,
JMR,uc-775,TS,,
JMR,uc-776,TS,,
JMR,uc-777,TS,,
JMR,uc-778,TS,,
JMR,uc-779,TS,,
JMR,uc-780,TS,,
JMR,uc-781,TS,,
JMR,uc-782,RT,,
JMR,uc-783,TS,,
JMR,uc-784,TS,,
JMR,uc-785,RT,,
JMR,uc-786,RT,,
JMR,uc-787,TS,,
JMR,uc-788,TS,,
JMR,uc-789,TS,,
JMR,uc-790,TS,,
JMR,uc-791,RT,,
JMR,uc-792,TS,,
JMR,uc-793,RT,,
JMR,uc-794,TS,,
JMR,uc-795,RT,,
JMR,uc-796,TS,,
JMR,uc-797,TS,,
JMR,uc-798,TS,,
JMR,uc-799,TS,,
JMR,uc-800,RT,,
JMR,uc-801,TS,,
JMR,uc-802,TS,,
JMR,uc-803,TS,,
JMR,uc-804,RT,,
JMR,uc-805,TS,,
JMR,uc-806,TS,,
JMR,uc-807,TS,,
JMR,uc-808,TS,,
JMR,uc-809,TS,,
JMR,uc-810,TS,,
JMR,uc-811,TS,,
JMR,uc-812,TS,,
JMR,uc-813,TS,,
JMR,uc-814,TS,,
JMR,uc-815,TS,,
JMR,uc-816,TS,,
JMR,uc-817,TS,,
JMR,uc-818,TS,,
JMR,uc-819,TS,,
JMR,uc-820,TS,,
JMR,uc-821,TS,,
JMR,uc-822,TS,,
JMR,uc-823,TS,,
JMR,uc-824,TS,,
JMR,uc-825,TS,,
JMR,uc-826,TS,,
JMR,uc-827,TS,,
JMR,uc-828,TS,,
JMR,uc-829,TS,,
JMR,uc-830,TS,,
JMR,uc-831,TS,,
JMR,uc-832,TS,,
JMR,uc-833,TS,,
JMR,uc-834,RT,,
JMR,uc-835,TS,,
JMR,uc-836,TS,,
JMR,uc-837,TS,,
JMR,uc-838,RT,,
JMR,uc-839,RT,,
JMR,uc-840,TS,,
JMR,uc-841,RT,,
JMR,uc-842,TS,,
JMR,uc-843,TS,,
JMR,uc-844,TS,,
JMR,uc-845,TS,,
JMR,uc-846,TS,,
JMR,uc-847,TS,,
JMR,uc-848,TS,,
JMR,uc-849,TS,,
JMR,uc-850,TS,,
JMR,uc-851,TS,,
JMR,uc-852,TS,,
JMR,uc-853,TS,,
JMR,uc-854,TS,,
JMR,uc-855,TS,,
JMR,uc-856,TS,,
JMR,uc-857,TS,,
JMR,uc-858,TS,,
JMR,uc-859,TS,,
JMR,uc-860,TS,,
JMR,uc-861,TS,,
JMR,uc-862,TS,,
JMR,uc-863,TS,,
JMR,uc-864,TS,,
JMR,uc-865,TS,,
JMR,uc-866,TS,,
JMR,uc-867,TS,,
JMR,uc-868,TS,,
JMR,uc-869,TS,,
JMR,uc-870,TS,,
JMR,uc-871,TS,,
JMR,uc-872,TS,,
JMR,uc-873,TS,,
JMR,uc-874,RT,,
JMR,uc-875,TS,,
JMR,uc-876,TS,,
JMR,uc-877,TS,,
JMR,uc-878,TS,,
JMR,uc-879,RT,,
JMR,uc-880,TS,,
JMR,uc-881,TS,,
JMR,uc-882,TS,,
JMR,uc-883,RT,,
JMR,uc-884,RT,,
JMR,uc-885,TS,,
JMR,uc-886,TS,,
JMR,uc-887,TS,,
JMR,uc-888,TS,,
JMR,uc-889,TS,,
JMR,uc-890,RT,,
JMR,uc-891,TS,,
JMR,uc-892,RT,,
JMR,uc-893,RT,,
JMR,uc-894,TS,,
JMR,uc-895,TS,,
JMR,uc-896,TS,,
JMR,uc-897,TS,,
JMR,uc-898,TS,,
JMR,uc-899,TS,,
JMR,uc-900,RT,,
JMR,uc-901,TS,,
JMR,uc-902,TS,,
JMR,uc-903,TS,,
JMR,uc-904,TS,,
JMR,uc-905,RT,,
JMR,uc-906,TS,,
JMR,uc-907,TS,,
JMR,uc-908,TS,,
JMR,uc-909,TS,,
JMR,uc-910,RT,,
JMR,uc-911,TS,,
JMR,uc-912,TS,,
JMR,uc-913,RT,,
JMR,uc-914,TS,,
JMR,uc-915,TS,,
JMR,uc-916,TS,,
JMR,uc-917,TS,,
JMR,uc-918,TS,,
JMR,uc-919,TS,,
JMR,uc-920,TS,,
JMR,uc-921,TS,,
JMR,uc-922,TS,,
JMR,uc-923,TS,,
JMR,uc-924,TS,,
JMR,uc-925,TS,,
JMR,uc-926,TS,,
JMR,uc-927,TS,,
JMR,uc-928,TS,,
JMR,uc-929,TS,,
JMR,uc-930,TS,,
JMR,uc-931,TS,,
JMR,uc-932,TS,,
JMR,uc-933,TS,,
JMR,uc-934,TS,,
JMR,uc-935,TS,,
JMR,uc-936,TS,,
JMR,uc-937,TS,,
JMR,uc-938,TS,,
JMR,uc-939,TS,,
JMR,uc-940,TS,,
JMR,uc-941,TS,,
JMR,uc-942,TS,,
JMR,uc-943,TS,,
JMR,uc-944,TS,,
JMR,uc-945,TS,,
JMR,uc-946,TS,,
JMR,uc-947,TS,,
JMR,uc-948,TS,,
JMR,uc-949,TS,,
JMR,uc-950,TS,,
JMR,uc-951,TS,,
JMR,uc-952,TS,,
JMR,uc-953,TS,,
JMR,uc-954,TS,,
JMR,uc-955,TS,,
JMR,uc-956,TS,,
JMR,uc-957,TS,,
JMR,uc-958,TS,,
JMR,uc-959,TS,,
JMR,uc-960,TS,,
JMR,uc-961,TS,,
JMR,uc-962,TS,,
JMR,uc-963,TS,,
JMR,uc-964,TS,,
JMR,uc-965,TS,,
JMR,uc-966,TS,,
JMR,uc-967,TS,,
JMR,uc-968,TS,,
JMR,uc-969,TS,,
JMR,uc-970,TS,,
JMR,uc-971,TS,,
JMR,uc-972,TS,,
JMR,uc-973,TS,,
JMR,uc-974,TS,,
JMR,uc-975,TS,,
JMR,uc-976,TS,,
JMR,uc-977,TS,,
JMR,uc-978,TS,,
JMR,uc-979,TS,,
JMR,uc-980,TS,,
JMR,uc-981,TS,,
JMR,uc-982,TS,,
JMR,uc-983,TS,,
JMR,uc-984,TS,,
JMR,uc-985,TS,,
JMR,uc-986,TS,,
JMR,uc-987,TS,,
JMR,uc-988,TS,,
JMR,uc-989,TS,,
JMR,uc-990,TS,,
JMR,uc-991,TS,,
JMR,uc-992,TS,,
JMR,uc-993,TS,,
JMR,uc-994,TS,,
JMR,uc-995,TS,,
JMR,uc-996,TS,,
JMR,uc-997,TS,,
JMR,uc-998,TS,,
JMR,uc-999,TS,,
JMR,uc-1000,TS,,
JMR,uc-1001,TS,,
JMR,uc-1002,TS,,
JMR,uc-1003,TS,,
JMR,uc-1004,TS,,
JMR,uc-1005,TS,,
JMR,uc-1006,TS,,
JMR,uc-1007,TS,,
JMR,uc-1008,TS,,
JMR,uc-1009,TS,,
JMR,uc-1010,TS,,
JMR,uc-1011,TS,,
JMR,uc-1012,TS,,
JMR,uc-1013,TS,,
JMR,uc-1014,TS,,
JMR,uc-1015,TS,,
JMR,uc-1016,TS,,
JMR,uc-1017,TS,,
JMR,uc-1018,TS,,
JMR,uc-1019,TS,,
JMR,uc-1020,TS,,
JMR,uc-1021,TS,,
JMR,uc-1022,TS,,
JMR,uc-1023,TS,,
JMR,uc-1024,TS,,
JMR,uc-1025,TS,,
JMR,uc-1026,TS,,
JMR,uc-1027,TS,,
JMR,uc-1028,TS,,
JMR,uc-1029,TS,,
JMR,uc-1030,TS,,
JMR,uc-1031,TS,,
JMR,uc-1032,TS,,
JMR,uc-1033,TS,,
JMR,uc-1034,TS,,
JMR,uc-1035,TS,,
JMR,uc-1036,TS,,
JMR,uc-1037,TS,,
JMR,uc-1038,TS,,
JMR,uc-1039,TS,,
JMR,uc-1040,TS,,
JMR,uc-1041,TS,,
JMR,uc-1042,TS,,
JMR,uc-1043,TS,,
JMR,uc-1044,TS,,
JMR,uc-1045,TS,,
JMR,uc-1046,TS,,
JMR,uc-1047,TS,,
JMR,uc-1048,TS,,
JMR,uc-1049,TS,,
JMR,uc-1050,TS,,
JMR,uc-1051,TS,,
JMR,uc-1052,TS,,
JMR,uc-1053,TS,,
JMR,uc-1054,TS,,
JMR,uc-1055,TS,,
JMR,uc-1056,TS,,
JMR,uc-1057,TS,,
JMR,uc-1058,TS,,
JMR,uc-1059,TS,,
JMR,uc-1060,TS,,
JMR,uc-1061,TS,,
JMR,uc-1062,TS,,
JMR,uc-1063,TS,,
JMR,uc-1064,TS,,
JMR,uc-1065,TS,,
JMR,uc-1066,TS,,
JMR,uc-1067,TS,,
JMR,uc-1068,TS,,
JMR,uc-1069,TS,,
JMR,uc-1070,TS,,
JMR,uc-1071,TS,,
JMR,uc-1072,TS,,
JMR,uc-1073,TS,,
JMR,uc-1074,TS,,
JMR,uc-1075,TS,,
JMR,uc-1076,TS,,
JMR,uc-1077,TS,,
JMR,uc-1078,TS,,
JMR,uc-1079,TS,,
JMR,uc-1080,TS,,
JMR,uc-1081,TS,,
JMR,uc-1082,TS,,
JMR,uc-1083,TS,,
JMR,uc-1084,TS,,
JMR,uc-1085,TS,,
JMR,uc-1086,TS,,
JMR,uc-1087,TS,,
JMR,uc-1088,TS,,
JMR,uc-1089,TS,,
JMR,uc-1090,TS,,
JMR,uc-1091,TS,,
JMR,uc-1092,TS,,
JMR,uc-1093,TS,,
JMR,uc-1094,TS,,
JMR,uc-1095,TS,,
JMR,uc-1096,TS,,
JMR,uc-1097,TS,,
JMR,uc-1098,TS,,
JMR,uc-1099,TS,,
JMR,uc-1100,TS,,
JMR,uc-1101,TS,,
JMR,uc-1102,TS,,
JMR,uc-1103,TS,,
JMR,uc-1104,TS,,
JMR,uc-1105,TS,,
JMR,uc-1106,TS,,
JMR,uc-1107,TS,,
JMR,uc-1108,TS,,
JMR,uc-1109,TS,,
JMR,uc-1110,TS,,
JMR,uc-1111,TS,,
JMR,uc-1112,TS,,
JMR,uc-1113,TS,,
JMR,uc-1114,TS,,
JMR,uc-1115,TS,,
JMR,uc-1116,TS,,
JMR,uc-1117,TS,,
JMR,uc-1118,TS,,
JMR,uc-1119,TS,,
JMR,uc-1120,TS,,
JMR,uc-1121,TS,,
JMR,uc-1122,TS,,
JMR,uc-1123,TS,,
JMR,uc-1124,TS,,
JMR,uc-1125,TS,,
JMR,uc-1126,TS,,
JMR,uc-1127,TS,,
JMR,uc-1128,TS,,
JMR,uc-1129,TS,,
JMR,uc-1130,TS,,
JMR,uc-1131,TS,,
JMR,uc-1132,TS,,
JMR,uc-1133,TS,,
JMR,uc-1134,TS,,
JMR,uc-1135,TS,,
JMR,uc-1136,TS,,
JMR,uc-1137,TS,,
JMR,uc-1138,TS,,
JMR,uc-1139,TS,,
JMR,uc-1140,TS,,
JMR,uc-1141,TS,,
JMR,uc-1142,TS,,
JMR,uc-1143,TS,,
JMR,uc-1144,TS,,
JMR,uc-1145,TS,,
JMR,uc-1146,TS,,
JMR,uc-1147,TS,,
JMR,uc-1148,TS,,
JMR,uc-1149,TS,,
JMR,uc-1150,TS,,
JMR,uc-1151,TS,,
JMR,uc-1152,TS,,
JMR,uc-1153,TS,,
JMR,uc-1154,TS,,
JMR,uc-1155,TS,,
JMR,uc-1156,TS,,
JMR,uc-1157,TS,,
JMR,uc-1158,TS,,
JMR,uc-1159,TS,,
JMR,uc-1160,TS,,
JMR,uc-1161,TS,,
JMR,uc-1162,TS,,
JMR,uc-1163,TS,,
JMR,uc-1164,TS,,
JMR,uc-1165,TS,,
JMR,uc-1166,TS,,
JMR,uc-1167,TS,,
JMR,uc-1168,TS,,
JMR,uc-1169,TS,,
JMR,uc-1170,TS,,
JMR,uc-1171,TS,,
JMR,uc-1172,TS,,
JMR,uc-1173,TS,,
JMR,uc-1174,TS,,
JMR,uc-1175,TS,,
JMR,uc-1176,TS,,
JMR,uc-1177,TS,,
JMR,uc-1178,TS,,
JMR,uc-1179,TS,,
JMR,uc-1180,TS,,
JMR,uc-1181,TS,,
JMR,uc-1182,TS,,
JMR,uc-1183,TS,,
JMR,uc-1184,TS,,
JMR,uc-1185,TS,,
JMR,uc-1186,TS,,
JMR,uc-1187,TS,,
JMR,uc-1188,TS,,
JMR,uc-1189,TS,,
JMR,uc-1190,TS,,
JMR,uc-1191,TS,,
JMR,uc-1192,TS,,
JMR,uc-1193,TS,,
JMR,uc-1194,TS,,
JMR,uc-1195,TS,,
JMR,uc-1196,TS,,
JMR,uc-1197,TS,,
JMR,uc-1198,TS,,
JMR,uc-1199,TS,,
JMR,uc-1200,TS,,
JMR,uc-1201,TS,,
JMR,uc-1202,TS,,
JMR,uc-1203,TS,,
JMR,uc-1204,TS,,
JMR,uc-1205,TS,,
JMR,uc-1206,TS,,
JMR,uc-1207,TS,,
JMR,uc-1208,TS,,
JMR,uc-1209,TS,,
JMR,uc-1210,TS,,
JMR,uc-1211,TS,,
JMR,uc-1212,TS,,
JMR,uc-1213,TS,,
JMR,uc-1214,TS,,
JMR,uc-1215,TS,,
JMR,uc-1216,TS,,
JMR,uc-1217,TS,,
JMR,uc-1218,TS,,
JMR,uc-1219,TS,,
JMR,uc-1220,TS,,
JMR,uc-1221,TS,,
JMR,uc-1222,TS,,
JMR,uc-1223,TS,,
JMR,uc-1224,TS,,
JMR,uc-1225,TS,,
JMR,uc-1226,TS,,
JMR,uc-1227,TS,,
JMR,uc-1228,TS,,
JMR,uc-1229,TS,,
JMR,uc-1230,TS,,
JMR,uc-1231,TS,,
JMR,uc-1232,TS,,
JMR,uc-1233,TS,,
JMR,uc-1234,TS,,
JMR,uc-1235,TS,,
JMR,uc-1236,TS,,
JMR,uc-1237,TS,,
JMR,uc-1238,TS,,
JMR,uc-1239,TS,,
JMR,uc-1240,TS,,
JMR,uc-1241,TS,,
JMR,uc-1242,TS,,
JMR,uc-1243,TS,,
JMR,uc-1244,TS,,
JMR,uc-1245,TS,,
JMR,uc-1246,TS,,
JMR,uc-1247,TS,,
JMR,uc-1248,TS,,
JMR,uc-1249,TS,,
JMR,uc-1250,TS,,
JMR,uc-1251,TS,,
JMR,uc-1252,TS,,
JMR,uc-1253,TS,,
JMR,uc-1254,TS,,
JMR,uc-1255,TS,,
JMR,uc-1256,TS,,
JMR,uc-1257,TS,,
JMR,uc-1258,TS,,
JMR,uc-1259,TS,,
JMR,uc-1260,TS,,
JMR,uc-1261,TS,,
JMR,uc-1262,TS,,
JMR,uc-1263,TS,,
JMR,uc-1264,TS,,
JMR,uc-1265,TS,,
JMR,uc-1266,TS,,
JMR,uc-1267,TS,,
JMR,uc-1268,TS,,
JMR,uc-1269,TS,,
JMR,uc-1270,TS,,
JMR,uc-1271,TS,,
JMR,uc-1272,TS,,
JMR,uc-1273,TS,,
JMR,uc-1274,TS,,
JMR,uc-1275,TS,,
JMR,uc-1276,TS,,
JMR,uc-1277,TS,,
JMR,uc-1278,TS,,
JMR,uc-1279,TS,,
JMR,uc-1280,TS,,
JMR,uc-1281,TS,,
JMR,uc-1282,TS,,
JMR,uc-1283,TS,,
JMR,uc-1284,TS,,
JMR,uc-1285,TS,,
JMR,uc-1286,TS,,
JMR,uc-1287,TS,,
JMR,uc-1288,TS,,
JMR,uc-1289,TS,,
JMR,uc-1290,TS,,
JMR,uc-1291,TS,,
JMR,uc-1292,TS,,
JMR,uc-1293,TS,,
JMR,uc-1294,TS,,
JMR,uc-1295,TS,,
JMR,uc-1296,TS,,
JMR,uc-1297,TS,,
JMR,uc-1298,TS,,
JMR,uc-1299,TS,,
JMR,uc-1300,TS,,
JMR,uc-1301,TS,,
JMR,uc-1302,TS,,
JMR,uc-1303,TS,,
JMR,uc-1304,TS,,
JMR,uc-1305,TS,,
JMR,uc-1306,TS,,
JMR,uc-1307,TS,,
JMR,uc-1308,TS,,
JMR,uc-1309,TS,,
JMR,uc-1310,TS,,
JMR,uc-1311,TS,,
JMR,uc-1312,TS,,
JMR,uc-1313,TS,,
JMR,uc-1314,TS,,
JMR,uc-1315,TS,,
JMR,uc-1316,TS,,
JMR,uc-1317,TS,,
JMR,uc-1318,TS,,
JMR,uc-1319,TS,,